51,77,56,69,57,52,27,53,82,143,141,118,121,85,180,175,140,121,150,116,66,77,68,90,88,55,62,121,66,40,86,103,76,66,64,67,31,42,55,76,53,35,35,44,37,31,23,46,44,23
75,42,72,78,70,52,89,37,66,0,142,157,144,185,194,191,71,124,150,142,81,119,60,48,83,115,126,84,63,76,124,81,136,120,72,58,80,66,49,66,42,29,37,42,41,24,29,20,36,37
42,84,78,59,80,43,75,78,111,119,123,184,202,211,92,148,75,86,119,107,101,58,96,91,96,129,60,60,75,91,119,54,116,133,73,82,71,39,76,31,69,52,57,21,59,30,29,29,21,23
33,64,77,0,55,37,97,137,141,48,61,192,201,156,176,95,102,38,138,128,73,81,136,87,81,64,91,122,78,79,59,67,65,114,80,63,99,49,69,47,62,36,48,59,21,40,42,34,49,47
43,45,69,53,51,44,155,79,83,89,122,146,92,196,78,100,122,135,138,130,136,178,170,130,103,117,50,105,40,82,108,113,77,104,109,102,94,55,51,45,41,41,48,60,55,55,29,49,66,73
51,42,102,86,51,97,150,162,98,106,171,101,98,200,157,183,130,85,115,132,92,62,136,93,104,57,52,107,93,90,64,45,58,82,76,90,67,61,58,28,56,47,43,26,42,30,40,33,58,41
64,85,65,67,103,81,65,76,109,86,178,142,130,144,134,177,117,158,118,175,154,166,107,106,97,80,85,84,97,91,76,49,70,68,56,43,66,86,40,29,66,45,42,29,48,48,57,34,62,56
42,52,115,42,126,154,126,91,106,113,143,141,64,177,170,91,152,132,123,156,80,123,197,183,156,157,102,136,70,70,43,104,78,87,39,63,86,91,72,37,66,23,52,59,69,39,23,37,42,28
17,87,92,105,142,128,143,82,167,76,99,141,120,163,85,97,175,185,161,75,74,109,127,141,183,164,147,98,104,56,91,129,118,95,97,76,44,87,75,35,61,59,41,38,34,35,56,42,27,49
61,0,77,66,134,63,151,164,133,171,102,62,125,126,94,149,156,146,71,108,130,120,88,79,131,130,145,89,97,73,79,122,96,49,104,64,0,92,83,43,66,73,62,33,78,68,60,56,55,44
61,59,45,96,115,109,100,133,99,131,81,137,187,136,234,160,131,178,91,123,125,175,58,116,121,90,131,63,122,74,77,118,114,114,91,98,75,88,59,74,36,50,44,78,49,38,64,38,45,26
64,56,59,114,114,46,130,139,167,127,145,140,180,267,253,186,98,143,154,61,93,128,89,140,108,58,123,112,130,86,58,112,57,49,94,89,64,41,76,80,40,79,78,43,45,48,59,62,32,39
61,145,123,88,87,179,158,140,130,160,203,212,270,249,235,141,92,160,103,71,80,105,40,64,104,148,148,0,54,101,75,133,61,52,50,97,68,39,69,45,79,51,77,35,45,44,36,26,60,40
118,127,62,113,81,102,206,118,213,154,68,241,244,142,152,203,120,106,135,97,99,117,111,74,109,118,115,104,106,71,73,120,107,89,75,94,88,82,45,89,36,77,42,69,42,41,39,29,57,49
104,44,84,40,166,217,118,210,224,152,190,159,189,123,93,149,137,193,114,91,108,123,96,78,140,135,75,74,120,87,69,68,91,38,82,48,49,49,61,60,80,57,34,51,60,59,25,48,55,41
102,75,29,125,127,172,166,102,225,150,58,97,119,121,192,68,195,126,96,142,90,175,137,155,78,60,75,50,128,125,111,113,100,102,70,56,24,63,45,70,57,71,49,28,59,61,25,49,28,54
82,115,63,75,118,100,108,141,213,184,148,124,71,82,185,204,123,146,64,112,131,105,133,92,104,105,82,65,79,78,122,108,105,54,63,41,38,77,45,62,77,60,57,47,64,65,65,38,16,39
91,98,90,129,130,99,78,207,178,180,82,124,105,96,94,152,162,106,106,116,105,77,117,162,69,119,61,63,96,87,98,73,87,103,92,62,75,43,69,31,45,45,31,0,60,53,34,35,18,35
33,106,107,124,150,148,177,148,168,105,101,99,94,96,105,131,99,134,0,80,125,64,185,158,80,121,66,81,84,105,72,98,59,48,82,75,51,71,70,59,28,0,38,34,31,31,34,48,46,45
45,82,88,98,105,172,59,84,137,152,71,143,95,84,90,127,76,114,122,105,157,177,240,117,109,96,79,62,112,69,94,56,113,112,54,78,48,37,69,45,62,25,28,22,24,49,48,43,31,20
78,91,37,100,171,97,89,156,101,83,133,100,159,116,125,106,116,91,224,110,254,250,140,164,109,99,101,58,86,88,109,126,120,56,87,84,64,49,44,29,28,35,49,39,38,54,27,31,37,37
102,64,90,161,105,115,86,99,85,130,154,170,141,178,119,110,104,175,166,154,230,208,168,155,119,118,76,123,76,89,48,60,93,104,57,44,64,56,77,57,61,32,33,23,31,41,52,42,24,21
85,53,132,88,157,125,72,128,133,148,169,70,89,174,77,120,80,149,70,109,190,136,194,97,69,100,64,110,81,89,126,67,61,83,74,74,78,73,63,47,53,50,46,41,0,56,30,34,27,35
98,120,106,93,95,157,130,123,75,133,115,141,81,128,123,105,66,96,95,154,141,159,155,124,47,58,80,47,92,65,60,69,46,41,57,55,67,72,62,41,41,33,40,43,27,56,43,35,17,27
80,54,108,58,116,151,138,80,80,91,137,128,109,79,85,75,141,103,81,82,108,89,104,117,82,93,67,71,104,99,42,51,37,80,60,28,70,29,58,54,52,50,37,27,33,58,51,31,30,19
90,43,84,58,143,122,94,114,85,115,84,95,105,109,83,85,122,101,48,71,52,127,100,42,77,72,75,112,107,56,89,88,75,59,90,68,38,41,37,44,50,0,22,18,29,46,27,36,34,14
95,47,65,131,91,101,46,108,45,108,47,72,78,45,82,102,53,77,101,103,101,66,56,62,113,57,115,42,104,83,85,21,67,58,48,61,67,37,29,69,45,31,20,39,25,44,18,30,34,13
66,51,77,66,130,102,96,47,106,93,110,67,0,76,101,62,101,60,71,42,76,115,56,89,68,54,126,68,74,61,84,0,48,69,81,29,44,35,48,55,41,43,40,41,55,41,16,13,35,32
44,76,52,120,126,43,45,67,98,66,37,107,99,87,97,52,131,108,57,99,105,85,114,49,108,73,75,92,88,49,81,58,69,47,68,65,43,63,43,31,41,55,55,66,43,0,18,44,23,32
59,74,71,102,94,74,78,92,46,61,92,74,57,48,70,94,98,71,107,52,106,115,79,68,88,67,82,70,65,50,33,77,68,58,0,83,67,29,45,55,39,21,41,62,55,30,45,24,35,43
33,24,59,46,74,65,62,55,66,65,73,63,67,92,51,34,81,35,82,47,116,52,101,68,57,45,64,62,78,81,110,46,45,37,78,53,37,59,60,64,53,46,0,44,30,48,0,44,55,53
64,57,31,48,60,77,82,72,67,60,40,56,91,76,96,87,93,76,87,77,114,58,52,66,53,76,77,0,50,99,97,72,53,95,66,51,40,52,55,34,79,75,56,57,27,26,28,31,38,38
71,104,92,88,43,32,33,85,79,57,38,82,84,38,97,131,45,80,101,74,52,102,75,54,81,82,24,89,95,35,58,66,107,59,58,66,58,69,36,40,36,68,48,54,35,52,34,44,30,22
95,100,45,33,44,56,49,90,51,39,68,77,32,78,107,118,71,53,57,97,96,95,77,46,34,38,83,81,89,45,76,78,99,87,62,24,49,64,63,55,39,57,53,53,52,52,31,34,47,31
43,49,97,75,81,82,59,43,62,49,34,62,70,67,72,112,53,80,33,82,76,91,48,74,47,71,57,73,30,0,57,49,60,99,69,70,56,36,0,42,43,21,47,50,30,23,43,33,42,26
43,88,55,89,36,70,50,67,54,64,56,74,43,36,60,90,107,82,49,78,83,85,78,46,60,42,54,83,90,87,44,57,44,61,52,48,0,58,66,39,62,60,62,32,26,34,40,21,37,32
41,37,48,82,86,34,44,72,65,0,42,46,54,75,48,103,54,62,68,36,35,61,68,60,57,71,82,61,50,63,74,34,52,37,72,0,62,51,55,28,77,34,66,57,27,50,51,34,41,58
67,60,72,71,36,56,71,60,27,49,83,76,59,69,90,61,100,81,32,52,66,40,46,60,33,65,40,55,33,34,42,49,59,51,33,44,46,50,71,60,68,76,61,50,55,53,27,41,59,54
74,34,44,53,43,45,42,39,38,43,60,64,42,58,69,70,66,84,71,38,33,62,28,58,51,80,28,46,52,42,39,52,62,52,0,44,42,60,35,54,63,33,67,47,67,29,63,60,32,51
39,62,40,54,47,60,38,52,46,70,46,45,76,73,70,56,71,45,71,69,30,46,57,51,56,39,43,46,56,43,25,45,59,58,47,35,62,35,34,44,56,66,64,40,35,43,26,31,32,33
49,58,55,37,46,39,30,50,41,56,35,52,66,56,66,57,41,32,68,28,46,29,49,37,23,46,34,45,42,55,29,33,47,38,27,34,59,24,38,71,54,68,63,33,76,36,36,39,62,39
46,42,43,41,63,43,40,41,42,42,55,45,76,71,33,45,51,46,0,25,58,56,31,34,34,0,73,44,44,51,26,34,51,46,22,27,34,41,60,67,66,61,68,34,66,43,37,65,46,44
38,39,37,68,73,44,51,60,83,67,62,65,74,32,55,47,26,27,36,37,35,43,30,32,50,59,52,69,48,23,0,31,41,50,42,26,30,36,58,35,67,65,73,29,62,59,69,66,38,60
78,68,52,74,59,42,60,45,51,32,45,32,54,43,49,24,53,0,52,26,54,55,26,39,26,29,47,34,59,33,50,65,28,34,35,25,41,52,26,77,70,34,58,45,28,56,61,28,66,38
57,49,48,67,66,76,49,79,61,90,92,67,88,71,32,65,37,45,66,58,64,28,0,35,37,44,21,55,37,28,65,58,24,43,26,55,34,31,69,69,66,84,57,68,50,27,21,49,52,34
57,29,67,23,58,91,90,54,95,39,50,85,67,79,59,62,46,37,54,25,48,53,26,31,16,35,25,54,0,55,40,30,31,35,25,36,49,44,47,52,53,84,31,35,62,32,41,26,48,21
44,28,36,30,95,39,68,88,102,67,37,62,44,59,36,54,49,69,45,40,41,21,53,28,20,29,48,33,40,54,0,34,37,39,52,45,28,38,31,58,79,64,43,69,32,53,44,21,39,33
32,59,33,71,60,47,57,67,90,61,67,59,49,68,68,46,39,29,65,71,64,50,52,39,32,29,24,27,24,37,29,23,49,24,19,46,44,46,57,39,34,40,56,62,45,37,32,38,23,27
25,31,38,42,75,70,88,77,99,53,49,42,51,45,56,57,35,65,25,56,40,32,29,51,31,36,35,32,25,27,25,40,27,31,39,17,26,47,29,37,20,45,38,43,25,49,42,33,22,28
26,27,19,57,84,31,76,74,62,53,17,33,38,29,64,58,31,55,31,40,40,20,48,23,33,30,23,27,38,36,37,32,48,27,42,26,38,27,25,20,25,36,32,48,19,26,27,35,33,27
