17,12,7,49,8,42,6,49,8,7,48,4,48,3,11,48,7,48,9,5,6,3,10,11,5,18,6,27,11,48,48,49,48,8,32,26,6,22,4,48,3,48,4,10,11,13,9,6,4,30,8,11,8,7,8,23,48,48,2,12,3,17,2,150,3,10,3,6,16,49,49,6,18,5,150,14,150,12,48,49,12,11,5,6,4,48,44,4,5,8,7,49,49,11,4,17,
48,4,13,3,5,2,44,10,2,12,48,49,3,4,48,19,48,16,150,2,7,14,49,40,18,18,28,10,9,49,49,5,150,8,6,3,2,49,48,4,150,150,150,43,150,34,2,6,48,14,48,150,14,40,10,24,150,28,150,49,3,8,16,12,38,6,48,12,16,11,8,2,12,49,18,7,30,8,150,6,6,18,3,48,150,5,48,48,14,30,22,150,49,48,49,48,
48,3,48,150,16,19,48,3,49,48,150,21,10,6,6,6,5,22,14,2,3,5,10,49,49,49,2,49,48,10,27,8,48,11,3,16,48,150,150,49,48,34,7,8,2,3,14,5,49,18,5,16,48,150,6,14,150,10,8,12,13,6,16,48,150,4,6,48,5,3,48,8,49,48,150,14,11,48,42,48,150,8,7,8,48,3,22,5,48,4,6,4,48,48,150,6,
8,6,22,10,6,3,150,48,14,48,48,150,150,4,20,48,150,47,3,4,8,49,5,8,48,4,150,49,48,10,2,49,11,7,6,34,14,5,3,8,26,10,49,10,14,6,8,25,38,3,16,10,150,5,48,49,4,28,48,8,3,48,5,48,49,8,12,150,150,150,4,48,19,14,48,7,150,5,3,7,11,6,49,49,150,3,3,12,3,30,3,4,2,14,48,10,
48,49,15,5,20,49,19,14,16,46,49,49,18,2,8,48,10,48,6,48,2,49,48,7,4,150,49,5,150,12,48,6,24,48,8,49,48,48,6,48,49,3,20,6,12,49,5,14,6,49,49,20,4,150,49,14,42,48,48,8,48,28,49,49,48,14,10,48,8,4,16,5,48,48,16,3,8,48,10,48,49,48,48,7,48,4,48,6,4,48,4,49,39,10,48,18,
4,49,28,49,150,48,5,26,48,18,48,150,48,49,8,26,19,8,49,48,4,150,10,150,48,48,8,24,5,24,48,14,48,48,16,12,48,8,18,44,48,7,49,150,30,48,4,18,48,11,22,48,4,49,48,49,13,150,8,6,49,18,49,16,49,48,38,5,49,150,28,3,5,12,49,49,12,48,48,10,48,11,14,10,16,14,30,17,49,4,6,15,49,3,8,16,
4,49,48,150,150,48,48,49,48,9,150,49,49,21,32,48,3,6,48,48,48,10,16,48,23,150,9,48,48,6,13,49,20,49,10,11,150,150,49,16,48,48,10,49,7,34,11,48,48,5,48,10,14,10,4,12,3,8,48,14,49,2,49,48,48,10,16,8,38,10,6,48,48,5,9,10,49,24,150,48,43,48,150,14,32,150,48,26,49,49,8,150,8,8,8,49,
5,48,48,3,48,48,20,8,48,49,48,48,48,22,11,150,6,3,48,49,150,150,20,5,18,6,8,49,48,8,48,150,18,7,48,5,42,3,11,6,14,26,12,48,49,150,41,9,150,9,10,150,44,48,10,10,48,48,49,48,10,10,48,49,10,49,7,150,7,48,38,10,49,5,48,11,48,48,48,20,3,48,48,13,48,48,11,49,14,150,48,3,49,10,49,14,
6,20,150,11,8,48,48,12,150,23,5,48,48,48,34,29,8,10,48,49,8,48,49,150,12,48,5,8,48,150,48,48,7,10,48,38,48,48,10,150,12,32,48,150,5,5,48,7,22,48,17,29,10,8,150,49,150,8,12,48,11,10,150,11,48,48,48,42,28,49,10,34,6,48,27,49,6,48,49,10,48,49,48,48,48,48,8,2,150,40,5,3,21,12,5,150,
34,48,8,20,48,150,48,49,8,48,48,4,150,25,10,48,8,150,49,8,14,49,48,26,48,49,48,49,48,48,10,48,38,6,48,30,48,48,16,150,9,150,18,10,10,5,48,49,48,7,48,30,150,48,5,12,48,48,48,48,48,48,48,5,10,48,49,48,10,49,12,49,48,49,16,48,48,48,16,46,5,28,48,6,12,12,49,22,8,150,10,48,5,7,5,49,
16,48,48,14,10,150,12,5,10,49,36,10,24,30,49,48,6,36,44,18,49,48,6,45,48,48,40,8,11,4,16,49,49,48,48,150,49,16,48,49,26,5,32,3,48,48,12,49,48,48,48,49,48,48,12,49,4,48,3,4,26,150,10,8,12,48,48,10,49,8,27,48,48,5,48,48,6,3,150,6,4,48,2,4,26,5,49,15,150,150,20,10,8,7,4,48,
150,3,150,49,48,17,49,49,48,49,48,17,6,48,13,20,48,4,48,150,49,48,48,48,48,48,22,48,48,48,16,3,16,16,12,150,10,18,8,6,6,7,49,49,49,30,24,5,150,5,11,48,26,150,49,150,48,5,49,11,48,12,48,5,15,48,48,9,48,12,8,11,26,12,14,48,48,12,49,13,49,12,48,16,32,150,48,150,48,49,48,12,48,49,48,12,
49,150,49,13,48,6,32,48,48,7,5,49,6,6,49,8,150,12,6,48,48,9,48,150,10,49,18,16,49,49,6,49,48,16,48,48,48,14,5,48,48,34,150,48,48,11,49,4,10,14,10,49,24,150,11,150,48,21,26,8,36,150,48,48,12,49,48,46,48,150,7,36,49,23,10,7,48,7,13,48,49,48,48,14,48,14,49,4,48,22,150,10,49,150,150,49,
4,48,150,49,8,8,10,26,16,20,18,49,9,49,15,150,4,13,48,48,18,18,48,49,150,48,150,4,150,14,49,49,22,49,10,34,41,36,48,14,14,11,48,150,48,12,49,48,49,7,48,48,48,10,10,16,16,49,14,49,34,48,49,32,24,7,35,4,150,6,34,42,48,49,6,8,28,150,48,48,48,9,49,48,3,10,16,48,5,48,49,150,49,48,150,48,
150,48,48,48,12,20,49,150,14,48,6,49,10,48,48,48,48,48,49,2,48,6,4,16,49,20,18,32,8,10,48,38,49,49,49,21,48,8,49,20,48,6,11,47,49,150,48,49,11,48,49,36,10,11,49,49,8,14,12,4,20,32,4,15,48,48,48,12,49,38,48,10,32,28,49,12,150,12,36,150,48,48,49,7,29,18,48,18,49,48,20,13,12,150,150,48,
12,48,18,6,48,3,48,48,14,48,150,48,48,17,48,49,32,150,46,49,48,48,28,14,150,48,34,48,48,10,5,36,49,48,38,150,8,16,150,48,21,10,9,48,48,26,48,10,18,49,10,18,48,13,48,11,48,48,17,48,2,49,48,48,150,6,48,4,32,12,48,48,7,150,28,49,20,48,42,9,7,48,48,48,48,48,6,48,49,48,20,2,22,48,150,8,
48,8,6,49,18,150,32,11,38,48,5,49,12,49,48,150,48,18,24,49,48,48,48,48,48,150,14,49,28,150,10,49,49,150,5,20,150,49,48,8,18,48,48,3,6,16,48,26,14,48,9,48,150,150,48,30,150,48,48,48,49,26,48,6,2,48,48,48,48,48,12,48,49,9,48,48,48,48,48,48,12,48,11,14,48,16,49,49,150,48,49,48,49,6,8,48,
150,49,10,13,48,5,32,49,49,49,18,48,12,48,48,49,7,48,49,150,8,48,4,48,48,48,30,12,48,48,49,150,12,48,49,10,48,48,150,150,46,48,48,48,48,9,3,48,6,49,32,150,48,14,5,150,150,8,14,150,8,49,150,150,48,21,48,48,6,35,48,150,150,6,150,48,9,8,48,48,150,48,48,48,5,9,49,48,18,23,6,48,22,12,49,48,
48,24,18,28,34,48,48,26,29,49,49,16,15,36,18,48,34,48,7,8,8,5,48,150,150,49,150,150,34,150,22,150,49,48,5,48,20,42,48,43,7,150,36,48,49,8,22,150,48,26,150,48,49,48,10,10,48,48,48,48,150,150,150,48,8,16,6,49,36,17,49,33,30,38,48,6,150,17,150,48,49,9,150,48,38,12,5,150,150,48,22,48,49,48,7,150,
8,49,48,48,49,6,48,150,49,29,150,48,48,150,150,150,36,14,150,48,49,15,150,9,26,16,5,49,47,49,48,150,49,49,48,49,150,48,48,49,48,16,49,32,49,150,28,49,26,10,18,150,48,49,150,10,49,48,25,48,48,150,16,150,38,48,150,48,8,5,6,28,16,3,150,9,8,48,150,49,150,44,48,49,8,4,48,49,48,25,48,28,150,49,150,5,
14,36,150,8,150,29,49,17,16,150,49,150,8,16,18,30,150,49,7,150,48,150,49,49,48,48,150,18,49,49,150,16,5,32,48,150,5,48,41,48,48,150,48,25,18,4,48,150,8,49,150,12,150,150,11,150,12,48,150,10,48,27,16,49,11,49,150,49,24,49,48,42,30,48,150,18,49,48,48,150,49,48,48,150,48,150,48,48,16,150,5,42,48,49,44,150,
150,48,22,48,150,150,48,8,14,150,48,150,48,6,49,8,48,150,48,5,49,24,150,150,15,49,48,48,11,48,20,16,48,10,49,49,150,5,48,49,48,150,49,21,150,48,49,22,6,48,48,150,8,150,16,150,6,48,48,48,49,21,150,40,48,150,5,13,48,6,48,45,49,28,48,18,150,150,150,16,48,150,14,8,150,48,16,7,20,48,150,3,48,48,150,49,
8,48,14,12,14,48,48,48,10,40,49,49,48,49,9,19,150,49,48,150,48,49,150,48,150,48,14,30,41,49,26,10,150,48,49,32,48,9,48,150,28,150,13,150,20,9,5,5,18,45,150,46,22,14,150,48,5,16,150,12,22,48,22,150,48,12,48,48,32,48,48,150,24,48,29,20,48,49,150,48,150,19,150,49,150,8,48,48,150,150,48,150,49,44,8,12,
18,42,7,19,20,150,150,48,27,7,22,150,150,48,48,34,150,49,48,48,49,49,49,48,14,6,48,18,16,49,150,48,48,5,15,150,150,15,150,4,46,49,48,48,45,48,48,9,9,48,10,150,48,150,16,19,6,48,48,48,150,150,49,48,48,16,20,150,150,150,16,38,6,10,28,36,48,48,4,48,49,23,8,49,150,48,48,48,150,33,150,49,16,150,18,12,
14,48,9,48,150,40,48,150,48,11,34,150,48,150,150,31,18,38,20,6,9,49,48,24,10,49,49,14,12,22,49,6,7,48,48,18,48,48,48,10,42,28,48,24,14,150,32,14,5,49,38,16,48,150,24,24,150,150,48,48,48,150,48,10,6,49,13,48,48,48,6,48,5,16,150,20,48,48,49,49,49,24,18,150,48,48,41,8,49,150,49,48,20,48,7,6,
10,10,38,48,26,48,46,48,11,150,150,150,48,37,4,26,48,6,150,12,48,48,8,48,8,150,32,12,46,49,48,13,48,48,9,8,48,39,20,30,12,9,49,6,48,150,150,150,48,5,14,150,10,48,48,48,48,48,12,48,7,49,14,48,150,48,6,48,12,16,20,28,48,48,10,8,9,26,48,48,150,150,20,14,150,150,34,48,12,5,150,26,31,6,5,32,
3,48,23,7,18,49,7,6,48,7,10,48,48,49,34,48,7,8,48,13,4,7,150,13,6,48,48,48,10,4,8,48,48,15,150,13,43,11,48,48,20,49,5,5,42,48,5,12,49,49,150,48,48,49,11,27,26,18,4,16,150,49,6,48,11,150,48,16,48,48,18,7,12,38,14,150,6,10,9,48,49,28,150,150,48,10,49,8,42,48,150,24,34,150,48,48,
7,4,150,14,48,150,48,26,4,14,48,4,150,8,5,7,6,13,48,16,10,6,48,49,7,48,7,48,12,8,49,49,4,16,4,48,49,48,10,150,14,5,48,8,7,11,10,34,6,10,150,32,48,23,150,150,150,48,12,4,5,11,48,48,7,5,48,6,6,14,6,150,48,49,4,18,6,12,49,48,5,4,10,6,49,20,48,48,150,5,3,48,150,150,8,48,
48,7,150,6,11,150,5,49,9,8,150,38,5,4,3,15,12,48,18,3,150,20,150,10,36,49,9,48,48,150,8,150,49,24,4,5,5,5,6,150,49,7,6,48,48,49,14,6,8,49,8,48,48,5,3,13,24,5,7,49,3,7,48,3,150,5,150,17,48,10,18,150,7,6,15,9,49,7,12,14,49,48,49,49,32,49,5,14,48,48,3,8,6,14,8,6,
10,48,16,4,17,5,150,18,8,48,8,7,5,150,15,16,48,6,49,49,48,49,6,7,3,10,48,5,150,49,21,49,39,6,49,48,150,7,150,7,6,3,48,49,48,150,9,12,11,9,8,48,7,11,150,20,49,15,8,150,49,14,150,48,7,4,49,150,5,49,150,8,48,8,8,34,6,46,12,26,4,48,19,8,48,49,48,5,8,48,48,48,13,13,6,6,
15,49,12,48,150,9,6,25,48,48,20,39,48,49,7,15,48,7,11,31,49,48,48,150,48,12,8,14,49,49,7,14,49,48,19,48,150,48,37,8,5,15,49,150,48,49,26,48,150,48,17,49,150,44,49,48,150,8,150,49,41,12,21,48,7,49,150,49,150,21,150,16,10,7,49,49,14,13,22,6,150,49,48,49,49,6,150,150,8,49,150,5,150,7,49,150,
49,49,48,48,150,5,48,150,11,48,49,42,9,48,49,18,20,150,19,27,26,45,48,8,6,10,21,49,150,150,12,150,150,49,48,48,22,9,5,5,49,150,48,150,8,16,48,49,7,150,5,11,150,21,12,150,7,49,49,48,17,48,48,24,150,31,42,49,49,48,48,11,14,8,48,150,150,150,4,49,8,48,49,48,49,150,48,49,48,3,48,33,10,8,10,150,
15,150,150,150,32,6,49,49,36,150,41,49,150,9,11,49,13,6,49,12,5,24,150,20,16,5,7,48,11,48,49,10,34,150,20,5,48,48,49,48,150,49,9,48,6,6,5,12,48,150,8,40,48,48,8,48,49,9,150,49,8,150,48,5,5,17,30,48,48,11,150,11,49,10,8,11,150,48,9,150,17,49,150,49,21,16,14,49,49,10,12,7,14,150,42,29,
49,16,11,150,49,9,38,49,150,48,13,17,150,5,23,18,48,8,49,10,40,10,150,49,24,48,22,9,36,7,48,6,150,11,30,6,16,20,49,49,48,10,10,150,48,150,49,150,150,20,48,17,150,49,34,19,150,48,150,150,150,7,8,150,18,7,49,49,49,49,150,49,150,150,8,48,23,6,48,48,21,49,48,150,6,150,38,48,150,48,48,8,20,49,10,48,
49,49,150,48,48,150,49,48,12,47,48,22,48,48,150,49,150,49,150,49,19,12,24,49,150,150,28,15,150,8,6,7,49,49,49,150,49,14,49,46,7,35,28,49,150,49,18,16,11,49,26,48,48,8,48,5,15,150,10,49,38,48,150,28,150,7,48,44,49,48,11,49,15,22,7,48,10,17,49,10,49,8,16,19,7,48,150,48,48,16,150,34,36,12,48,26,
14,48,49,20,49,49,16,48,150,49,48,5,12,6,150,150,150,44,21,48,48,13,10,19,150,48,150,7,21,48,13,4,48,7,150,35,150,49,5,49,8,48,49,6,49,10,49,150,150,49,150,49,49,49,48,150,150,20,49,10,49,48,49,40,30,48,49,6,150,150,18,150,48,49,13,38,11,150,150,49,150,49,49,4,18,150,49,13,48,150,34,48,26,16,38,19,
25,10,48,49,49,150,48,150,48,48,5,49,49,49,49,11,22,48,31,8,49,48,5,150,48,48,48,17,32,49,150,150,49,6,48,48,30,14,150,150,150,48,13,10,4,150,49,44,150,49,9,150,49,49,49,26,49,48,19,38,150,48,150,150,12,17,150,48,5,11,6,12,34,11,150,5,5,48,150,150,13,42,150,48,8,27,13,150,48,150,11,34,10,48,49,48,
11,150,48,150,16,48,16,150,12,12,150,10,150,29,150,49,48,12,150,9,10,14,12,49,49,40,49,48,49,49,49,48,38,48,12,150,18,14,25,38,29,150,48,22,150,8,14,150,9,49,26,48,21,49,2,48,48,150,9,150,150,7,11,49,48,49,49,38,48,48,7,150,49,28,49,48,12,48,150,48,150,48,48,38,49,150,48,49,150,10,16,150,150,11,17,48,
6,150,49,9,150,5,150,150,28,23,48,19,48,150,150,49,48,49,6,150,150,48,48,48,150,8,150,150,48,150,49,49,150,48,150,49,49,49,150,8,150,49,49,9,150,150,48,48,48,16,150,150,48,48,150,48,48,22,49,4,49,49,150,48,17,150,27,38,49,48,48,48,49,32,48,24,49,150,14,11,150,150,22,150,150,150,8,10,14,20,48,11,49,38,48,22,
49,49,49,150,28,11,49,150,49,16,150,48,49,49,49,4,150,48,4,49,150,49,44,150,18,150,150,150,150,49,150,150,26,49,48,150,22,48,28,150,5,49,150,150,7,26,150,49,48,27,20,5,150,150,6,49,150,150,48,150,37,150,150,48,48,150,48,150,48,150,150,49,49,48,14,49,49,150,11,48,150,48,49,48,15,49,6,49,4,12,41,49,150,18,150,49,
48,6,15,49,11,150,20,27,150,48,150,6,40,32,10,150,10,49,49,15,48,5,48,48,150,7,42,150,150,150,150,14,49,44,48,150,37,30,6,5,150,5,48,49,49,150,48,150,49,49,150,10,150,16,20,150,150,150,49,150,48,150,150,150,49,48,49,49,150,48,150,27,6,7,48,150,48,7,48,150,150,150,48,19,150,150,150,150,49,6,150,18,150,48,49,25,
150,49,150,49,150,23,17,49,49,49,150,48,48,150,150,18,28,150,150,48,16,49,48,14,48,49,150,150,40,19,150,24,7,48,150,49,150,150,150,49,150,16,150,150,26,49,150,12,49,48,48,150,150,150,49,6,150,150,48,150,6,49,150,150,48,150,48,49,4,48,150,150,48,150,49,150,48,150,150,49,48,12,32,9,19,49,48,4,49,150,48,150,150,150,150,150,
48,9,48,49,46,8,150,48,48,48,150,32,150,48,49,49,150,15,150,150,150,8,150,48,150,150,49,48,49,150,18,4,19,49,150,22,49,150,35,49,48,150,150,150,150,48,49,3,4,48,150,8,49,49,9,28,150,49,48,150,38,150,48,150,150,49,48,28,150,48,48,49,13,150,49,150,48,21,16,48,25,49,150,48,150,18,40,44,49,22,49,48,48,48,48,150,
48,150,150,150,49,48,48,49,150,49,10,7,9,49,49,49,6,49,6,48,48,12,150,150,5,14,150,40,31,48,20,26,150,48,150,48,150,9,11,48,150,150,49,48,48,48,48,10,48,15,22,48,49,10,6,9,150,29,48,150,10,150,150,150,49,23,7,150,48,15,48,48,48,9,49,150,12,48,9,48,48,49,48,49,49,15,48,150,150,48,9,150,49,150,48,49,
23,48,48,48,7,49,150,48,43,150,48,48,150,26,48,49,48,49,4,49,48,28,49,48,10,9,48,150,48,48,48,150,11,26,150,20,48,26,150,5,150,49,150,150,48,42,28,45,48,48,150,48,48,150,48,10,48,48,48,49,48,8,49,9,24,150,13,21,48,49,48,150,11,11,34,16,150,49,48,48,49,150,48,11,150,16,30,150,48,6,8,8,49,48,20,15,
48,8,48,7,9,24,12,7,48,49,22,4,12,48,150,33,21,20,48,7,150,22,150,48,48,48,150,150,49,150,49,48,10,48,49,13,49,150,48,150,150,49,48,150,48,150,150,150,11,48,13,5,150,150,48,48,20,48,48,48,49,10,36,7,8,150,8,49,32,150,49,48,49,150,48,48,48,34,48,150,5,48,48,49,150,48,150,49,11,48,49,49,48,150,28,8,
12,150,8,49,48,150,8,17,48,49,49,48,20,150,20,48,150,10,24,150,17,49,30,14,28,12,6,10,48,7,49,12,34,8,9,48,150,49,150,24,12,48,48,49,5,13,48,49,20,150,13,48,48,5,34,49,49,150,11,49,6,150,8,28,9,48,150,49,19,48,19,5,48,150,38,4,36,48,48,7,150,48,49,48,14,49,48,12,150,48,150,49,28,12,48,49,
49,6,25,49,48,7,49,49,11,10,48,11,150,16,150,48,48,150,150,49,6,12,150,48,48,31,16,48,150,49,150,3,8,45,48,6,49,150,13,8,32,48,48,9,48,49,11,48,21,13,20,49,48,10,41,150,48,7,150,6,49,5,49,150,14,49,15,49,150,34,40,16,10,49,150,9,41,14,150,150,4,150,8,10,34,49,150,150,48,8,6,150,4,11,10,49,
10,48,150,150,48,150,3,150,19,4,8,37,49,49,150,5,45,49,150,150,48,48,150,17,48,29,150,150,48,49,48,49,10,6,150,150,48,48,49,11,5,21,48,49,48,48,49,5,49,48,36,150,150,150,14,6,9,49,150,48,4,48,9,49,150,48,42,17,150,20,48,49,150,48,7,48,15,9,48,11,49,18,48,4,150,49,6,150,14,4,150,49,39,12,10,15,
49,49,49,150,150,150,49,150,22,150,8,49,48,48,150,49,49,150,32,48,10,49,10,48,150,150,49,12,49,49,48,49,48,4,15,49,49,48,150,49,48,20,9,48,150,33,22,150,48,40,48,12,48,49,49,3,17,39,10,48,18,48,48,5,7,6,12,48,150,150,5,150,48,49,48,150,7,150,49,14,8,7,150,49,49,49,49,19,49,49,150,48,4,150,150,48,
36,48,21,48,49,150,48,150,10,49,48,48,6,150,48,48,150,48,14,48,4,48,4,6,4,48,4,4,49,10,150,48,49,3,48,14,4,49,48,48,7,5,150,48,22,150,49,6,8,150,4,48,150,5,48,8,49,30,13,3,7,49,10,150,5,49,13,49,12,150,150,150,49,49,49,49,4,5,35,12,48,28,49,10,49,48,24,22,49,7,48,11,48,49,49,49,
13,48,35,49,13,9,150,49,49,49,7,150,150,20,49,150,5,9,150,48,5,49,150,48,48,48,6,4,4,150,4,150,4,6,49,3,6,49,49,48,49,150,49,49,16,150,48,2,49,5,3,150,48,10,49,48,5,6,8,49,4,5,49,12,12,7,4,150,6,16,4,5,48,49,48,8,48,5,6,150,48,7,4,3,10,6,12,3,7,6,48,5,6,150,150,30,
48,48,49,150,48,5,5,7,150,49,12,5,6,48,15,49,20,18,3,48,37,49,48,4,16,29,21,48,48,4,9,48,48,5,9,48,48,13,49,5,49,3,49,49,4,20,150,22,49,5,6,150,48,150,48,48,48,49,150,4,4,48,150,6,49,5,4,20,4,13,48,5,16,14,150,7,5,48,49,5,5,48,3,6,9,49,150,6,49,6,10,13,4,3,26,48,
5,4,48,48,34,49,10,49,17,5,7,48,150,48,49,150,4,3,49,48,49,150,5,3,48,6,48,49,150,150,18,48,150,9,48,48,48,4,8,15,49,6,16,12,11,48,48,3,150,4,12,48,48,48,8,8,48,8,48,4,9,49,49,8,4,150,26,16,49,49,3,18,6,150,150,9,5,150,4,48,6,48,150,5,150,48,48,48,150,48,13,48,48,7,150,150,
7,4,6,150,150,22,4,150,48,4,6,48,8,48,48,48,4,4,150,48,8,18,150,6,150,48,48,5,48,48,150,8,38,8,48,48,5,150,150,150,8,150,150,5,9,150,20,4,150,49,150,48,150,48,48,22,49,49,3,48,150,5,4,3,49,9,9,4,8,150,23,48,6,48,48,48,5,48,5,150,150,3,49,150,3,9,6,11,49,9,21,44,4,48,5,48,
48,9,26,4,6,40,5,48,8,48,150,49,6,32,150,48,4,48,23,48,7,4,49,150,10,48,48,48,49,150,150,49,5,150,48,48,150,9,6,8,49,48,150,9,10,48,150,5,4,150,150,9,150,150,48,48,18,48,48,22,150,150,26,4,22,150,5,48,14,150,32,22,22,32,43,18,4,150,150,16,4,30,48,19,8,4,8,14,150,150,48,14,18,38,48,150,
48,48,150,6,48,150,3,4,48,48,48,48,33,4,3,26,12,6,8,4,48,48,150,9,48,150,150,32,6,48,8,150,7,48,12,5,12,8,14,6,8,18,6,48,13,7,9,9,48,8,10,150,7,9,150,48,32,9,10,16,7,12,6,48,150,22,150,8,8,5,4,8,14,48,3,24,16,150,150,40,48,8,49,22,7,48,10,8,150,12,150,19,9,8,18,150,
48,150,34,3,48,48,7,8,150,3,150,7,18,5,7,150,9,16,8,6,49,21,48,5,13,23,150,7,48,7,48,150,150,150,48,6,48,8,48,48,18,150,150,150,150,8,3,48,30,10,150,12,150,12,12,150,20,49,150,150,12,48,48,15,6,150,150,4,3,9,8,11,4,32,15,150,5,5,9,10,22,48,4,10,5,150,12,48,48,13,6,30,10,7,4,8,
150,49,48,18,41,48,48,12,48,150,7,8,150,48,28,4,20,48,48,14,49,150,6,150,150,10,150,3,6,150,150,6,21,150,22,38,10,150,48,3,22,18,48,150,3,26,48,6,4,3,12,5,150,10,6,49,48,150,48,8,35,12,16,20,48,10,32,48,16,150,8,48,48,13,4,9,48,27,7,6,14,150,48,6,150,11,150,6,48,48,32,48,150,49,6,5,
10,48,150,14,4,4,14,49,150,150,48,26,14,30,48,4,48,48,150,5,6,3,14,48,3,9,8,13,48,28,150,5,49,14,150,48,5,10,48,150,8,6,48,48,8,15,150,4,7,48,48,150,3,150,150,48,4,48,6,11,48,48,5,6,9,150,49,48,48,150,4,150,7,4,150,150,8,5,4,4,9,5,48,48,150,8,48,48,49,4,150,150,8,150,48,16,
48,48,48,48,5,48,12,7,150,8,8,39,48,49,48,8,30,150,150,3,150,48,150,6,4,44,4,150,48,48,48,150,6,7,48,40,5,150,4,4,32,34,9,12,7,10,150,5,5,5,48,48,150,5,150,44,6,49,29,33,49,36,5,48,4,150,4,6,13,48,18,6,3,5,48,11,4,28,150,10,6,4,28,48,13,4,6,16,7,6,5,6,6,48,10,150,
25,150,150,13,7,150,150,48,150,48,150,6,48,5,150,5,44,49,6,48,7,150,5,18,7,48,150,48,48,5,48,6,48,49,150,3,48,9,4,48,48,5,48,40,10,5,6,14,17,5,4,5,48,48,4,48,22,4,48,150,13,8,5,150,150,48,7,48,150,8,7,6,48,6,150,12,5,7,20,6,7,48,150,5,43,8,48,150,48,6,150,10,5,49,4,48,
14,48,150,7,4,150,13,20,5,5,47,3,4,48,5,150,48,48,6,5,5,48,5,150,48,48,3,5,15,26,6,20,48,21,6,150,150,3,6,48,150,7,48,49,150,19,48,6,150,150,12,9,5,150,150,6,48,48,12,6,7,8,13,48,4,48,12,7,5,4,9,48,48,150,49,6,5,48,49,4,4,6,9,48,4,4,7,18,48,6,5,48,48,5,150,6,
9,47,150,150,48,11,6,150,32,12,5,5,18,6,6,9,4,49,3,9,12,6,44,7,12,6,16,4,3,3,11,6,12,7,150,150,3,150,6,5,48,8,4,20,7,48,10,48,48,150,5,3,32,150,24,32,6,3,48,7,4,7,6,49,9,150,12,48,48,6,16,5,150,150,7,26,11,5,6,9,12,4,48,47,10,4,4,150,9,41,7,10,5,4,48,6,
3,4,4,9,5,150,4,150,6,150,6,32,31,7,8,46,3,49,9,20,49,4,3,42,18,14,48,38,36,8,5,4,48,4,48,13,4,7,150,5,12,4,7,150,7,3,6,4,6,5,4,3,4,150,48,5,5,12,4,7,7,150,8,7,48,5,20,3,150,8,150,48,15,7,7,8,48,7,14,5,7,3,48,48,4,5,9,49,48,40,48,7,8,5,3,3,
11,4,48,4,3,6,4,48,3,5,7,8,48,14,5,7,11,6,48,48,6,6,7,7,6,3,5,48,4,7,150,5,4,4,4,6,3,12,3,150,5,9,13,11,11,7,48,49,6,7,8,6,5,7,5,5,8,4,150,7,6,6,3,48,48,7,14,14,7,12,48,48,5,9,49,42,4,3,8,49,6,7,3,31,7,4,150,7,48,4,10,5,5,6,4,6,
4,48,2,5,4,9,6,49,6,3,7,3,48,8,3,4,3,4,4,7,48,31,48,10,7,6,150,4,4,6,4,48,4,48,150,48,48,48,31,5,13,150,3,48,17,3,48,10,5,12,18,8,48,38,3,4,3,10,4,8,4,3,6,6,3,48,6,12,10,5,17,3,4,48,6,6,48,5,150,48,5,5,8,6,6,3,7,150,48,46,8,4,8,12,7,3,
150,4,6,10,5,12,44,2,30,3,48,14,4,7,3,150,3,6,10,7,3,48,8,11,10,150,5,150,19,16,3,150,8,7,7,4,4,5,9,48,48,48,6,8,48,17,48,10,150,150,7,48,6,32,48,48,48,48,5,24,48,28,40,3,3,14,9,5,150,48,150,14,9,28,48,48,2,13,4,150,4,6,48,7,48,6,150,3,26,7,2,3,9,7,8,26,
7,8,48,12,5,150,48,29,7,4,12,48,11,16,48,48,3,4,3,11,7,7,48,5,40,4,9,12,19,13,7,33,10,7,9,18,2,13,4,16,4,5,7,4,4,150,150,6,4,9,4,3,48,5,7,8,6,8,8,4,22,2,13,3,4,150,48,22,19,8,48,8,4,6,3,48,3,7,48,4,14,6,48,39,42,48,48,5,8,7,5,3,150,48,2,4,
7,13,25,34,150,4,48,7,40,3,8,150,6,20,5,7,7,4,30,6,9,48,7,5,5,7,150,4,6,14,3,4,30,6,9,150,8,17,11,48,9,14,4,4,48,14,2,3,5,10,12,5,17,48,22,5,7,150,48,4,48,3,150,24,24,48,7,48,22,7,4,12,7,4,48,24,48,4,48,12,14,32,7,48,28,5,150,7,7,2,150,10,18,6,8,24,
40,12,25,8,4,34,10,8,6,48,48,6,150,6,48,2,4,48,6,5,6,48,5,5,37,150,3,26,8,4,8,4,5,10,18,7,6,6,20,8,40,30,6,22,6,28,48,10,150,24,12,14,28,48,5,3,48,4,26,7,48,13,8,6,4,7,3,14,3,3,20,48,48,48,48,12,42,150,34,6,48,150,27,42,22,20,20,7,3,48,48,7,30,150,48,8,
13,14,31,20,5,11,6,150,7,20,48,48,7,30,6,4,42,21,30,48,8,5,48,24,48,7,48,3,3,22,38,48,4,8,150,5,20,25,25,16,46,22,3,9,30,9,19,150,7,10,24,7,5,2,48,4,4,6,48,19,30,4,9,26,30,3,8,9,24,6,30,4,24,6,48,5,2,5,7,9,5,11,42,8,8,6,7,48,48,42,48,6,30,6,20,3,
11,150,7,48,18,36,20,48,12,6,5,48,6,3,25,15,5,28,150,36,4,26,48,16,21,14,5,6,18,3,20,8,2,5,3,150,13,5,14,10,8,5,28,48,26,16,6,30,6,16,8,3,150,3,48,18,48,22,48,7,12,48,4,5,48,7,48,6,36,3,3,11,48,10,6,9,37,28,7,5,45,48,8,13,10,48,5,5,7,7,5,31,150,48,2,2,
12,48,48,2,12,13,4,3,150,11,10,7,48,22,3,5,48,12,6,19,4,10,4,3,7,5,15,22,4,7,4,14,48,5,14,48,20,10,48,8,150,4,21,7,30,30,150,8,5,6,9,48,10,7,12,4,15,22,5,10,48,150,9,8,24,4,26,16,6,14,12,5,5,6,4,12,14,38,12,5,3,10,3,48,48,10,3,14,48,7,18,11,12,9,15,5,
11,14,48,48,4,12,19,6,16,4,6,5,7,3,6,9,10,3,15,15,5,48,5,11,15,30,8,18,5,5,6,6,150,12,3,3,14,20,150,3,6,6,4,14,5,5,7,32,18,3,15,150,4,8,6,3,8,9,7,48,3,4,3,9,8,9,38,3,3,12,3,150,3,6,13,40,5,19,8,5,5,5,3,26,3,7,3,22,10,38,4,3,8,16,4,23,
8,4,6,6,3,3,6,12,16,48,5,5,2,7,5,4,38,5,4,6,24,48,5,4,10,8,5,150,11,5,4,3,10,38,8,4,5,8,5,12,12,4,15,11,20,5,5,4,6,3,4,24,16,16,7,13,10,3,6,6,3,3,6,3,13,3,6,14,28,9,8,3,9,3,10,6,7,2,6,3,4,15,30,3,6,3,4,8,4,6,5,15,5,3,18,8,
5,20,8,11,3,5,11,4,11,6,6,3,4,8,4,150,5,4,5,5,3,5,3,5,3,3,4,2,4,5,2,16,3,6,17,2,24,6,7,10,3,3,19,8,8,3,8,3,2,4,5,3,4,5,4,3,3,7,2,5,3,9,3,3,5,21,27,48,48,10,15,3,3,7,150,3,4,3,8,3,3,4,4,48,3,2,14,7,18,3,34,3,3,3,6,7,
2,11,6,4,2,6,11,8,4,4,20,48,4,6,6,4,3,3,8,8,4,6,150,3,11,4,5,23,20,10,18,5,10,24,3,3,4,6,6,4,17,3,5,4,5,10,3,7,2,6,3,7,9,6,7,3,7,18,8,3,9,4,3,9,3,6,2,34,10,4,16,3,10,12,4,5,2,11,12,5,8,5,5,4,6,5,4,4,28,4,11,4,4,7,5,6,
4,4,20,4,8,6,3,18,2,3,9,4,3,3,4,12,9,6,44,5,4,4,3,4,7,9,7,3,5,3,2,3,4,3,3,23,13,2,4,5,6,2,4,6,5,5,7,4,4,4,3,4,4,9,3,5,6,7,12,4,6,6,4,9,5,150,4,3,10,3,4,2,5,5,9,11,7,5,2,3,4,3,11,4,8,14,3,20,3,6,9,4,7,6,6,16,
3,5,8,4,10,4,9,11,5,4,4,6,7,10,7,4,6,4,5,6,4,5,2,5,4,4,3,4,5,2,17,6,5,5,5,7,4,5,9,4,4,5,18,7,3,48,11,9,3,4,15,9,5,5,4,4,2,6,5,5,6,5,5,3,3,3,4,4,4,4,2,3,3,6,4,4,18,6,5,12,4,8,27,3,4,2,2,3,4,4,4,5,4,25,3,7,
14,6,17,7,5,2,5,4,5,9,8,7,4,4,10,8,3,9,11,5,3,4,7,4,8,4,7,5,10,5,2,3,5,4,9,3,2,11,5,5,14,4,150,6,4,5,4,6,150,4,6,4,5,3,4,11,4,20,8,3,5,4,4,3,2,7,5,4,3,9,4,31,6,8,4,5,9,14,5,3,8,4,4,6,4,4,4,2,5,4,10,5,9,6,5,9,
5,10,4,6,5,30,5,3,7,5,5,5,12,7,42,10,3,6,4,14,11,4,9,11,4,9,7,10,3,8,7,10,4,5,3,6,4,16,4,7,4,8,4,10,5,5,4,4,5,4,5,7,8,8,7,6,3,5,4,4,26,26,5,8,4,6,4,5,5,14,10,6,5,6,150,5,9,7,10,5,5,7,6,7,3,9,3,7,5,10,9,16,11,11,5,7,
18,48,41,3,16,3,8,18,6,4,9,12,9,7,3,9,11,13,7,16,16,4,8,8,5,6,6,12,4,3,4,6,8,7,4,8,6,7,5,5,10,7,17,4,8,5,6,3,4,3,4,3,7,4,5,10,5,5,4,9,6,18,5,5,7,6,5,7,5,16,23,150,4,8,11,5,12,6,3,4,6,5,11,4,9,10,6,4,4,8,4,4,4,7,4,4,
5,150,3,7,3,4,7,6,8,3,5,4,3,5,5,9,150,10,3,7,14,4,150,5,3,4,8,6,6,5,25,6,48,48,21,3,4,7,6,10,2,4,3,3,5,4,9,10,10,150,5,43,3,5,17,4,11,23,7,5,11,4,11,4,8,5,4,7,7,10,6,4,4,6,13,10,8,8,3,8,14,3,4,8,11,9,48,7,5,5,4,25,4,5,14,10,
6,6,3,5,3,150,5,10,4,8,3,150,7,4,3,4,14,6,150,3,3,10,6,3,4,4,7,6,10,4,4,3,150,12,3,39,22,3,3,2,150,5,4,3,6,32,47,3,10,48,5,5,5,3,5,11,3,5,5,11,10,10,6,3,5,10,2,3,3,3,9,5,3,4,5,8,43,2,6,11,4,4,6,5,30,3,17,4,150,11,3,150,11,12,3,3,
3,8,5,5,24,3,5,5,7,10,4,3,2,5,3,7,3,3,5,4,6,150,3,4,3,4,11,11,4,2,3,3,4,5,5,3,4,4,10,2,4,10,3,3,3,11,4,3,20,2,5,5,10,7,17,3,6,2,5,3,5,5,3,3,17,6,150,3,8,150,3,3,5,14,4,12,3,8,5,7,48,2,5,28,3,12,9,7,3,3,5,7,2,4,2,15,
11,8,4,8,4,5,12,3,9,4,3,7,38,3,6,12,48,9,4,5,10,10,11,18,3,11,4,5,3,7,6,2,7,14,16,3,5,12,14,6,4,20,10,4,4,9,15,10,32,6,5,3,12,10,3,24,26,14,4,48,150,20,12,9,9,12,7,12,3,2,15,44,3,16,6,11,20,3,14,14,14,4,5,8,4,14,18,15,3,6,24,4,9,10,14,15,
4,12,5,10,5,17,5,9,8,150,11,8,11,36,3,10,4,48,15,9,9,5,14,9,22,18,6,8,4,27,8,4,16,8,14,8,14,15,12,9,7,150,7,9,3,14,7,4,4,9,4,15,5,9,10,150,3,3,5,9,4,7,7,8,13,8,26,10,3,4,12,26,11,4,4,3,9,5,38,20,3,12,28,10,3,28,150,3,8,12,16,6,4,13,11,5,
5,32,3,8,8,8,7,13,10,14,15,10,24,12,9,15,9,11,48,4,5,17,3,36,4,8,48,7,15,16,42,150,13,14,11,4,14,10,40,12,150,5,17,10,4,5,30,12,3,8,10,4,3,20,5,6,24,12,10,20,3,48,6,5,12,150,5,7,5,29,48,9,30,3,150,4,14,24,5,10,3,4,48,3,20,10,9,8,32,9,12,38,150,3,3,7,
5,12,10,20,14,150,15,11,4,5,38,40,16,9,48,48,22,12,19,6,48,16,38,48,11,8,7,14,48,5,8,150,10,5,3,10,20,14,6,13,6,16,6,3,6,19,6,48,10,48,30,15,150,10,13,11,11,18,15,2,8,4,14,15,4,14,4,26,4,4,14,150,36,48,2,11,150,18,10,5,42,8,11,16,6,12,6,6,4,10,11,48,12,150,9,3,
6,20,16,5,26,24,20,28,14,14,150,10,29,32,16,150,4,34,14,20,16,5,24,34,11,11,14,11,14,11,16,5,5,150,48,6,10,7,150,8,10,20,48,9,12,14,16,4,24,10,14,48,48,12,10,11,40,4,18,150,8,2,150,11,46,10,14,20,12,9,20,48,12,8,17,20,4,150,48,18,16,8,18,23,10,8,12,5,10,14,6,48,12,6,5,150,
6,11,48,15,12,17,5,14,11,9,17,13,4,7,8,10,14,5,12,20,48,22,17,150,24,5,12,21,48,7,11,20,19,9,6,22,5,14,16,3,4,5,9,16,9,18,13,13,26,13,18,6,11,22,19,16,18,12,12,150,150,48,14,16,14,11,4,8,8,24,5,3,14,9,8,17,24,9,6,48,10,150,6,18,18,5,5,20,20,21,14,150,14,7,4,6,
16,12,12,3,48,26,150,48,48,8,11,10,12,150,18,9,6,6,10,14,7,10,4,6,14,15,16,5,48,48,3,12,26,11,9,4,9,12,6,16,7,16,3,48,6,24,16,15,4,9,22,4,6,4,14,16,12,11,6,13,15,10,10,22,14,8,150,6,12,32,17,9,8,10,15,16,4,16,23,4,7,3,48,7,14,6,150,10,3,4,6,14,4,11,12,10,
4,6,12,4,4,18,8,4,11,150,150,4,16,18,12,7,7,11,14,3,6,7,48,6,150,6,11,7,18,6,10,9,4,8,4,6,48,7,10,3,6,4,15,14,6,7,5,14,4,12,5,7,3,18,8,10,12,27,9,6,6,20,4,11,10,7,7,10,10,5,20,3,5,22,14,8,6,13,22,3,5,16,3,8,12,6,150,4,20,9,11,6,12,32,4,7,
20,9,23,5,7,5,10,20,6,8,9,8,6,4,6,4,6,10,4,3,5,2,6,6,7,6,37,150,6,7,8,7,48,5,11,7,7,18,20,10,7,5,11,6,5,8,18,10,6,6,5,5,6,7,6,20,7,5,7,5,13,3,150,13,16,3,4,3,6,8,7,42,6,6,5,5,4,5,6,6,9,8,5,7,6,9,5,10,4,3,10,11,6,35,8,6,
3,5,11,6,25,10,26,6,4,10,7,8,6,6,8,4,4,8,4,6,10,5,8,3,6,5,7,3,40,12,11,8,5,7,5,10,20,11,5,5,10,6,8,5,10,10,4,48,3,4,8,8,8,5,5,6,4,7,4,7,7,6,6,20,4,11,8,10,6,4,4,6,150,14,26,6,8,3,15,4,6,150,4,7,4,7,12,5,6,16,9,4,22,8,10,6,
4,13,6,4,8,7,20,6,7,4,8,5,3,5,4,8,6,26,6,4,5,7,6,8,6,4,8,5,3,8,5,6,7,4,5,13,6,5,7,4,12,18,4,3,48,3,6,3,6,4,3,4,3,5,150,8,7,5,5,4,8,6,5,48,8,6,5,4,4,7,11,8,8,7,3,5,6,4,6,8,11,10,5,48,6,6,7,6,8,8,11,6,8,6,12,8,
3,17,10,4,13,5,5,10,5,4,5,2,11,7,6,5,8,6,16,3,4,8,4,4,6,12,15,6,20,3,8,5,8,8,10,34,4,5,6,8,16,6,8,11,8,6,10,4,8,7,3,26,5,6,5,3,4,4,6,5,10,4,6,3,4,12,5,12,13,8,7,15,5,7,12,12,7,4,7,9,10,11,2,12,11,4,4,4,4,10,5,5,10,10,22,8,
3,5,4,3,13,3,7,5,5,5,4,12,8,4,12,9,12,22,6,8,4,3,20,4,6,5,11,4,18,7,3,3,6,4,44,5,3,18,10,4,11,3,6,8,48,8,8,5,4,5,9,3,5,8,7,4,5,4,5,4,4,3,5,13,5,4,8,3,14,6,9,6,4,14,4,5,3,4,5,7,8,20,6,3,4,13,5,10,11,4,4,9,3,5,4,2,
7,6,3,11,3,6,4,3,10,3,4,3,6,8,16,12,5,6,4,4,3,4,5,8,16,5,5,4,26,6,5,6,6,5,7,5,48,10,8,11,10,6,8,8,7,5,5,5,6,4,14,4,3,3,5,4,7,5,6,10,5,4,4,13,7,4,48,12,3,4,6,9,11,4,7,6,5,9,6,4,8,3,6,5,6,4,10,3,4,9,3,4,9,8,5,11,
49,17,36,10,150,16,7,19,150,10,49,7,48,5,17,16,4,10,150,16,7,150,48,49,8,150,49,5,49,16,5,3,7,28,150,4,48,150,18,8,3,11,12,18,5,5,9,11,31,48,49,24,18,48,6,8,9,48,3,5,49,28,13,48,16,8,5,6,28,3,7,14,4,13,49,48,16,30,4,2,5,26,31,2,4,28,49,8,5,6,49,4,49,48,20,49,
2,5,48,18,13,24,49,4,11,48,2,9,3,150,6,8,7,49,5,28,49,49,8,19,6,49,49,2,14,150,18,16,4,48,6,5,10,11,3,24,8,3,7,10,150,48,49,18,2,3,48,16,9,49,12,150,10,41,20,15,48,150,33,48,8,8,16,150,26,150,150,7,19,18,4,3,150,10,8,48,4,12,8,7,49,48,3,19,6,8,48,6,150,2,48,3,
13,48,49,3,6,4,48,150,150,48,20,7,15,3,12,15,2,150,5,49,30,18,9,3,48,150,18,150,7,11,150,48,7,14,7,14,16,150,48,49,49,150,4,49,14,3,18,18,49,150,48,18,3,3,150,3,150,20,20,5,9,12,150,3,12,14,7,13,8,49,150,14,49,49,49,48,5,29,21,48,150,5,48,10,2,49,17,3,150,150,49,7,4,45,14,18,
6,48,150,48,49,48,3,44,3,150,32,42,12,150,5,48,16,150,48,46,150,3,8,4,48,5,48,150,3,49,3,150,3,29,6,30,5,49,13,10,49,10,14,48,17,20,49,16,48,20,6,38,49,6,5,2,150,15,21,49,150,48,10,12,49,49,8,49,48,5,49,16,10,4,8,48,3,49,49,48,5,48,10,150,48,6,49,48,30,32,48,48,16,49,13,10,
10,28,9,9,24,150,4,150,16,3,21,22,4,48,11,48,11,10,4,39,49,49,48,34,5,48,48,12,8,48,28,9,5,150,48,3,46,48,49,6,49,20,4,4,150,49,17,14,5,20,48,8,34,49,49,48,41,150,48,48,20,48,48,18,18,49,42,48,49,7,26,49,11,18,49,7,3,48,8,49,49,9,22,48,49,8,2,49,15,27,6,48,7,49,48,12,
26,28,19,15,150,6,9,48,48,14,14,6,5,150,26,10,14,48,10,10,14,49,6,22,48,48,8,150,14,6,10,16,48,150,49,14,48,9,48,48,6,48,24,10,49,150,150,48,10,46,14,8,20,14,14,150,150,48,48,48,14,24,150,8,150,8,49,48,150,6,4,25,150,49,40,23,16,48,5,18,48,150,48,8,28,48,49,48,8,48,6,20,8,13,150,150,
32,49,33,49,14,49,150,38,48,48,8,49,7,10,48,10,48,49,22,8,16,11,12,48,48,6,48,150,6,8,38,16,48,20,150,4,150,38,49,48,8,150,49,48,10,8,14,8,48,48,48,12,150,18,10,49,8,38,10,23,18,6,48,150,7,22,48,20,20,48,41,150,48,9,8,14,150,31,49,10,29,42,48,14,48,30,150,49,49,22,49,10,18,48,14,49,
150,20,150,49,6,14,47,48,48,49,32,18,3,49,23,12,150,6,7,8,27,150,13,16,29,150,30,5,18,11,14,44,12,49,5,48,7,49,16,28,4,16,34,31,8,42,13,10,48,10,49,12,48,6,48,14,23,48,48,9,48,48,48,49,7,38,150,150,9,48,48,30,48,12,49,16,10,12,150,48,22,9,20,48,13,48,14,49,48,5,14,48,42,150,49,48,
44,47,18,8,49,48,25,49,16,49,48,12,49,49,36,14,29,16,27,48,150,150,14,5,16,6,48,5,8,150,150,14,8,18,7,48,49,8,40,150,49,48,48,12,48,48,49,8,14,48,49,49,22,10,49,5,48,14,14,48,14,44,48,49,7,16,49,12,48,9,7,14,12,7,22,29,35,7,48,48,49,48,8,48,16,13,32,16,48,150,48,49,8,14,49,20,
6,18,2,14,22,49,4,49,32,10,10,49,8,46,6,22,49,49,15,25,3,48,2,6,9,4,2,9,15,11,22,4,48,49,3,6,12,48,2,18,19,150,30,49,150,150,6,6,7,48,14,14,10,48,3,16,23,150,17,2,48,4,38,48,6,48,13,49,3,16,49,12,3,49,49,4,3,49,48,9,150,6,4,49,2,9,49,49,6,12,5,7,3,3,49,4,
2,150,49,48,48,6,2,49,150,10,48,6,12,16,5,150,49,2,3,17,28,49,150,48,10,8,30,4,39,48,16,5,10,16,4,48,2,6,3,49,150,48,4,2,16,150,38,2,43,6,48,2,10,10,4,7,3,150,20,2,49,14,31,20,3,5,8,6,48,9,49,4,3,7,49,29,49,23,4,6,150,13,14,6,2,8,3,49,49,49,6,8,2,48,150,11,
150,10,7,10,6,22,6,24,48,150,49,49,6,10,17,20,5,7,3,14,18,8,20,48,48,12,46,13,7,49,49,49,48,48,9,49,150,14,10,48,8,17,6,16,48,10,7,2,9,48,150,48,49,48,26,48,2,12,14,2,48,10,4,18,3,15,48,24,1,6,14,6,17,150,49,20,20,150,48,38,48,150,7,150,10,30,26,5,6,150,10,39,8,2,7,49,
12,16,150,22,49,10,8,49,150,9,48,12,48,10,6,48,10,49,48,4,48,48,22,6,48,8,150,48,150,20,2,150,48,3,30,48,49,3,49,10,6,37,49,48,48,49,22,3,18,49,12,18,150,49,8,24,150,48,2,11,49,10,12,49,48,7,48,12,49,8,48,46,6,48,20,18,48,150,49,16,48,6,49,49,48,22,48,49,49,49,8,48,39,20,49,48,
49,49,4,15,19,49,6,8,23,49,49,48,3,48,12,17,7,20,48,12,48,48,48,2,49,10,5,8,48,49,20,27,150,49,48,5,11,49,12,49,49,150,49,22,49,48,7,48,2,22,10,13,48,49,49,7,17,49,12,3,5,49,48,7,150,7,48,48,11,20,5,8,9,49,31,14,49,150,8,48,10,48,19,48,13,49,48,10,16,2,49,48,13,18,49,150,
48,48,9,49,150,10,150,7,12,49,8,49,48,20,10,48,48,8,49,150,48,6,150,150,150,9,49,150,150,48,150,150,49,48,49,48,40,12,48,49,31,30,13,49,48,49,48,3,150,48,13,24,150,34,3,48,33,48,48,48,49,10,12,7,12,2,4,48,48,48,49,49,25,48,49,10,48,16,48,49,14,14,49,16,150,48,10,49,7,48,150,4,49,48,48,49,
49,49,48,150,4,4,49,22,49,22,49,12,49,39,13,48,16,19,150,48,4,11,10,48,49,4,4,49,48,150,48,49,11,48,48,22,150,10,49,18,150,49,3,48,48,10,48,48,49,48,4,150,49,6,48,10,10,48,49,49,49,48,39,150,13,150,48,6,49,48,17,3,48,48,9,37,49,25,12,48,48,48,8,2,49,49,49,48,49,28,48,48,49,49,48,150,
48,18,3,12,3,48,49,2,49,48,150,4,8,7,48,49,49,10,14,21,49,48,26,48,48,49,24,34,49,8,4,18,49,49,4,6,48,3,49,14,11,48,49,49,150,8,21,49,48,11,48,49,150,49,29,150,48,150,49,5,49,48,3,44,49,49,4,48,13,6,12,49,150,49,48,49,48,8,14,48,13,49,49,33,12,150,49,28,48,7,49,49,49,48,24,10,
48,9,4,18,6,11,49,49,4,3,8,49,9,49,49,49,18,49,48,49,49,49,26,3,48,48,3,48,18,49,48,48,5,6,49,7,150,49,48,28,3,48,48,49,49,48,8,49,10,49,6,49,8,49,40,5,12,49,16,48,5,49,49,29,3,48,44,10,49,16,49,49,4,3,49,49,15,48,150,48,49,49,2,49,150,3,8,49,49,48,48,48,48,49,48,17,
49,49,8,49,34,6,48,49,49,12,49,9,48,23,3,22,48,48,7,49,15,49,49,49,6,15,49,49,4,17,49,10,49,18,48,4,49,49,48,49,48,46,28,48,21,49,16,48,48,48,32,48,49,48,49,150,49,49,48,49,34,48,48,8,48,18,49,10,14,49,150,49,7,49,49,48,48,48,49,8,49,5,49,49,7,12,10,48,49,49,7,5,49,24,48,48,
7,49,20,6,48,22,4,49,10,48,7,3,49,49,3,5,5,3,48,32,150,150,7,48,49,3,4,49,42,48,16,12,10,5,8,6,1,8,48,3,6,49,49,8,44,8,48,10,49,19,5,10,7,8,150,150,48,9,19,49,2,49,2,2,6,9,48,49,150,49,48,30,5,6,12,18,49,3,48,48,8,20,6,9,24,48,48,9,48,5,5,10,4,49,49,14,
41,49,28,45,18,45,13,48,33,10,13,15,24,47,44,2,12,1,12,45,20,2,27,24,10,45,47,9,15,21,11,49,7,29,30,41,21,45,40,31,37,25,45,38,45,35,45,45,13,3,19,24,45,4,7,41,3,0,5,41,19,5,49,35,21,36,45,33,7,33,47,45,45,36,47,37,45,47,44,13,19,47,31,6,4,49,9,49,18,35,19,29,38,35,11,5,
0,0,0,0,0,0,0,0,0,0,0,0,2,0,0,0,2,0,0,0,0,0,0,0,0,0,0,0,3,0,0,0,0,0,0,0,0,0,0,0,4,0,0,0,0,0,0,0,0,0,0,0,0,0,0,0,0,0,0,0,0,0,0,0,0,0,0,0,0,0,2,0,0,0,0,3,0,0,0,0,0,0,0,0,49,0,49,0,0,0,3,0,0,0,0,0,
17,12,10,0,2,0,0,1,0,14,13,0,13,0,0,18,0,0,15,0,20,26,0,0,9,0,1,9,26,16,9,17,7,0,0,150,0,5,21,0,7,21,0,0,0,0,0,2,0,6,13,0,27,0,0,6,0,13,0,150,0,0,1,0,9,16,14,17,3,21,150,0,17,5,0,25,21,0,24,0,0,150,0,0,20,0,24,0,0,0,4,21,150,20,8,16,
30,28,36,28,40,36,0,22,36,30,48,18,40,20,30,4,10,48,28,34,8,20,14,46,16,40,24,40,34,8,30,32,22,20,26,28,24,28,28,2,48,48,40,10,8,44,44,20,36,8,8,12,26,20,24,38,22,6,32,22,18,40,0,6,32,24,28,24,34,24,40,44,48,12,40,20,2,32,8,18,44,34,8,16,8,16,42,44,30,0,10,30,26,36,2,42,
8,0,4,0,2,0,0,0,12,2,0,16,0,0,16,0,20,0,16,0,12,16,0,0,0,0,0,12,0,0,0,20,0,0,0,0,8,10,0,0,2,0,0,0,20,0,0,0,0,6,0,22,20,0,0,18,8,0,0,6,10,0,0,16,12,0,0,10,0,14,0,0,0,0,12,0,0,4,0,18,4,16,0,0,8,0,0,10,0,0,0,0,0,0,14,6,
0,16,18,18,2,18,12,0,0,0,4,6,0,12,0,20,0,0,0,2,0,0,0,0,0,2,0,8,0,0,20,0,0,0,0,20,14,0,20,0,0,12,2,16,14,0,6,8,4,0,16,20,20,16,0,0,0,10,6,0,0,0,2,0,12,0,0,16,0,0,14,0,0,0,14,14,0,14,2,0,0,0,10,14,16,0,0,0,20,4,0,6,16,4,16,0,
10,14,0,0,4,12,0,0,0,0,0,0,10,6,12,0,0,14,22,12,0,12,22,22,0,0,22,18,0,0,0,0,22,0,10,0,0,12,22,0,0,6,0,2,20,12,0,10,18,0,10,0,2,0,0,0,0,0,8,18,18,12,0,0,6,0,0,20,0,0,0,0,0,8,10,6,0,0,0,0,0,0,0,6,20,0,0,6,0,22,0,16,12,0,0,0,
0,0,0,8,0,22,14,0,0,0,0,0,0,14,0,22,0,8,10,0,0,0,8,10,14,0,0,0,18,20,22,0,0,8,0,0,0,0,0,0,22,4,0,0,0,6,0,0,0,0,0,6,20,10,4,0,0,2,0,6,0,2,0,16,20,2,0,18,0,10,0,4,12,14,18,0,18,10,20,12,0,0,2,0,0,0,0,0,0,8,8,0,6,0,0,0,
28,48,4,34,22,4,42,44,2,22,18,30,8,0,22,40,16,38,20,14,34,36,34,22,42,8,28,28,36,14,42,44,46,30,24,46,40,8,48,16,14,8,22,8,6,22,24,44,6,28,34,44,8,36,32,42,10,14,48,32,30,48,46,28,18,10,34,28,42,0,20,24,4,10,12,12,34,38,4,10,36,4,26,10,4,34,22,10,0,2,48,4,6,6,34,10,
