17,0,30,9,39,34,150,150,33,150,28,41,150,80,150,43,150,150,93,150,95,150,150,57,150,39,8,17,40,150,48,150,0,14,22,14,0,51,40,125,28,0,0,38,150,150,22,150,
111,30,9,73,34,0,0,0,150,13,0,150,150,150,150,150,56,27,150,0,71,150,33,76,150,0,0,49,150,2,150,150,13,150,74,23,6,14,150,34,150,0,150,0,129,29,22,42,
150,0,36,25,24,27,64,38,44,150,0,78,150,80,150,0,19,150,24,0,57,150,150,30,0,150,67,42,0,52,150,62,0,11,29,9,150,0,20,22,53,150,44,9,13,0,42,12,
28,55,150,43,150,150,30,58,128,22,32,150,9,22,63,150,150,77,29,111,150,28,150,150,11,150,150,57,17,11,26,48,150,39,45,150,150,150,0,88,32,0,63,0,93,0,150,27,
62,0,0,51,150,41,0,150,19,150,0,47,37,39,6,150,0,0,49,150,38,44,8,150,150,150,56,150,150,45,18,150,150,150,150,10,15,62,3,150,72,13,8,75,30,150,49,31,
25,0,150,30,5,150,0,67,150,150,26,34,150,0,12,25,0,0,150,150,150,150,23,150,48,0,150,60,36,150,0,61,97,117,150,0,150,31,150,0,32,17,150,150,0,150,82,150,
13,44,7,150,150,150,150,150,150,28,70,28,150,150,29,0,14,25,35,0,27,36,16,28,150,150,0,0,67,48,0,0,37,13,150,150,150,150,150,37,150,25,72,150,9,69,70,0,
0,150,38,49,17,150,150,9,150,42,75,150,51,59,69,41,150,43,58,150,150,0,150,62,150,0,0,25,150,23,33,44,44,48,65,51,150,20,35,81,83,43,53,26,26,1,150,7,
150,150,21,150,48,138,150,150,21,0,22,45,46,64,83,70,56,42,150,21,150,150,150,49,150,150,0,34,98,0,150,26,0,150,34,150,0,150,31,32,150,63,150,45,0,45,0,68,
0,2,150,39,18,150,27,150,150,37,29,7,150,115,39,55,52,80,127,150,54,150,150,34,2,62,46,150,27,39,39,150,29,58,150,44,150,150,0,150,54,155,150,0,64,68,0,150,
150,150,150,150,53,150,31,47,20,0,69,74,85,49,41,25,37,43,150,150,0,150,33,16,70,13,4,6,131,0,150,150,150,150,17,0,49,68,29,43,0,50,150,150,58,87,150,21,
53,30,34,0,150,18,36,40,6,17,35,150,150,14,0,0,0,38,150,150,104,0,80,44,34,150,0,150,0,11,48,0,85,5,0,51,150,23,150,36,150,21,25,150,27,0,150,45,
50,60,0,146,49,0,78,150,0,62,150,19,71,82,105,48,150,0,150,41,51,38,10,150,0,56,76,143,79,150,150,49,41,0,119,10,25,0,115,150,150,65,0,33,38,150,61,0,
3,0,2,29,40,150,21,150,73,9,24,150,26,100,150,13,16,77,0,5,27,36,19,23,47,69,150,31,27,47,150,0,48,150,50,150,33,0,21,150,47,150,0,4,77,0,0,77,
77,150,80,150,10,150,55,150,58,28,150,150,132,63,93,150,59,49,15,11,15,7,117,150,150,150,73,43,150,17,58,0,31,150,150,55,0,0,48,14,55,133,17,150,150,6,0,150,
8,1,22,25,0,150,150,35,32,22,4,76,0,16,31,32,0,150,29,41,28,26,12,31,71,64,52,19,69,44,0,0,68,150,67,52,0,54,44,150,0,150,171,82,47,150,14,130,
150,43,48,82,150,59,51,150,150,13,35,150,150,150,68,150,5,3,150,62,150,150,37,22,150,150,7,150,43,3,87,150,0,63,150,40,57,118,104,150,141,45,150,34,34,22,20,150,
32,150,0,3,64,78,150,0,31,54,20,150,63,14,44,42,150,80,150,20,16,81,150,0,141,150,49,150,150,0,18,47,12,30,10,0,71,8,44,32,60,74,87,0,150,29,38,37,
150,37,44,46,51,60,0,150,0,0,125,26,18,38,29,20,33,150,150,35,48,0,59,150,14,150,17,150,0,150,9,11,14,51,150,0,77,20,21,150,49,102,44,52,58,150,150,150,
150,64,13,65,97,150,136,22,0,150,0,150,9,85,45,24,38,69,24,44,0,130,150,150,118,4,150,57,42,0,150,0,26,63,39,150,68,45,150,150,150,22,59,150,119,16,150,150,
8,75,41,150,85,24,0,46,26,150,26,0,150,58,0,46,49,150,69,10,20,55,150,78,66,150,9,21,8,0,57,9,150,73,150,43,44,150,171,48,0,29,38,0,60,136,0,150,
46,150,57,59,16,150,150,74,28,16,37,80,57,0,150,33,150,48,22,150,34,46,0,18,0,49,0,0,59,61,31,57,15,16,150,114,34,0,150,150,150,18,69,0,4,28,22,7,
105,0,53,104,45,17,62,150,150,36,87,8,72,0,0,66,5,45,38,0,87,150,33,17,0,1,150,150,9,0,150,59,50,9,40,4,150,23,48,34,11,150,150,150,39,38,60,0,
45,150,63,150,52,9,0,150,150,150,24,84,27,11,150,13,33,68,0,9,150,55,49,24,0,44,0,9,37,16,36,50,150,84,75,34,89,64,30,22,52,10,54,24,4,36,20,6,
15,150,1,63,29,150,150,78,31,21,0,61,22,150,0,150,0,6,0,15,63,121,40,31,61,31,150,81,1,150,150,150,27,12,150,35,12,31,24,25,44,81,0,66,0,0,28,85,
41,46,38,5,0,24,11,0,72,26,150,88,150,13,32,21,53,83,80,113,0,150,37,0,37,7,18,7,150,88,0,27,122,0,19,15,69,4,0,88,87,10,0,16,150,53,21,0,
110,104,65,150,78,150,0,16,46,12,8,64,41,68,23,150,42,0,6,150,68,51,49,0,77,64,150,150,42,15,49,0,13,69,58,31,46,45,0,9,0,62,0,49,150,58,13,7,
89,0,29,1,47,48,0,68,67,150,58,150,0,72,150,0,103,31,52,19,27,51,0,150,18,48,42,29,22,55,70,6,43,57,20,63,19,38,18,111,51,12,139,150,22,20,40,3,
122,150,4,42,24,34,20,36,40,23,76,0,3,150,124,53,20,8,150,66,0,150,150,76,44,125,53,38,77,150,100,3,50,27,52,150,32,150,28,21,0,30,150,6,37,10,71,27,
93,25,59,54,82,53,16,24,38,44,150,0,85,44,26,28,34,5,13,0,41,12,150,27,28,17,28,150,97,72,0,22,41,62,0,44,0,115,37,0,104,36,12,75,88,24,56,150,
48,34,150,3,70,32,54,13,15,150,88,150,0,57,92,84,150,52,13,51,150,44,11,18,127,30,17,0,7,39,56,17,50,97,80,150,150,5,35,32,23,93,150,0,10,73,28,0,
59,130,98,0,37,75,150,26,21,0,61,16,64,3,23,33,0,8,150,7,74,40,19,72,0,24,150,0,0,150,80,150,33,150,150,150,22,6,66,51,0,82,56,64,26,0,58,154,
57,23,0,18,0,7,11,10,44,30,36,53,0,12,0,20,150,150,47,54,23,150,94,28,121,28,150,52,18,15,0,33,65,60,101,40,0,150,21,133,8,43,53,19,77,19,33,56,
21,58,29,20,62,150,17,20,33,40,87,23,0,0,150,150,0,24,27,74,38,150,53,28,8,37,150,87,0,32,12,59,37,163,41,30,0,27,25,0,114,68,51,94,150,33,10,21,
33,2,0,0,64,22,46,150,76,92,101,0,35,51,70,0,59,13,16,0,15,4,150,83,72,26,25,68,20,150,14,8,6,50,0,150,150,0,150,25,78,38,5,0,35,0,3,115,
13,128,12,138,23,124,47,59,41,7,37,22,10,4,17,85,28,0,67,33,150,150,53,30,87,53,140,107,78,25,10,76,30,19,70,10,63,22,10,35,81,150,0,88,116,0,0,83,
49,10,0,61,17,9,15,29,0,70,107,20,108,56,7,33,58,2,33,13,27,7,78,150,68,13,0,47,104,0,150,10,0,44,52,41,0,0,150,2,39,0,41,17,4,59,38,20,
0,27,45,30,58,0,12,10,0,0,0,144,31,0,37,15,33,6,39,85,20,83,11,84,28,36,102,150,17,29,33,16,44,12,46,63,0,0,39,58,57,125,104,0,150,90,69,150,
19,0,150,0,81,0,41,69,38,44,60,45,118,150,58,0,12,113,29,0,39,33,0,16,54,0,67,82,53,35,1,55,19,150,37,71,13,57,32,11,18,11,28,82,150,0,23,0,
16,6,0,58,55,35,17,0,0,49,44,33,150,36,0,58,21,30,84,13,119,88,68,23,18,25,67,150,64,63,62,0,16,0,27,55,150,43,0,15,164,0,33,76,58,22,129,16,
150,150,27,16,0,64,0,25,150,0,0,0,138,16,37,61,40,48,17,0,33,0,23,60,150,34,26,27,9,82,0,150,0,36,97,150,0,24,19,16,19,150,2,12,150,44,150,23,
40,150,38,48,71,0,41,9,23,3,14,111,27,6,59,12,0,9,53,100,55,18,35,150,94,21,7,56,2,31,17,26,24,0,49,3,18,31,150,0,36,108,150,21,83,0,28,39,
48,20,81,41,13,0,5,0,67,20,150,57,7,150,0,64,20,24,27,31,16,3,0,72,29,43,0,150,19,14,14,106,35,84,12,17,14,141,6,37,106,4,91,150,88,35,16,37,
49,36,89,130,150,56,150,0,36,150,108,0,22,53,34,150,18,150,10,23,21,18,19,13,150,0,52,41,112,62,13,0,37,36,58,64,59,14,0,56,80,8,40,42,36,69,42,0,
20,24,28,9,150,0,27,44,37,20,89,150,45,0,0,0,17,8,0,150,0,52,0,0,151,61,11,0,46,98,33,64,150,36,0,3,150,150,20,7,30,48,41,0,150,28,46,150,
24,0,0,20,150,23,68,0,8,27,33,64,22,30,20,9,24,70,0,150,6,0,13,79,0,150,73,0,62,16,45,30,35,70,0,150,150,64,150,26,14,42,0,29,40,90,82,19,
0,19,0,20,17,80,24,150,0,37,19,16,33,77,0,18,8,0,0,51,63,108,46,43,0,0,2,10,19,141,19,71,0,19,0,150,39,38,22,3,83,22,70,0,0,0,0,0,
119,48,23,5,11,64,41,150,36,10,35,20,48,43,150,16,63,51,85,34,113,4,150,0,47,47,32,150,129,0,0,67,43,84,0,150,150,41,0,15,48,41,79,27,89,42,13,27,
0,36,18,87,150,150,150,40,2,84,43,74,50,0,35,70,17,14,44,17,0,150,59,39,37,66,28,150,62,18,119,0,35,64,150,29,54,150,0,150,18,150,21,57,0,118,50,21,
0,33,39,64,0,27,35,0,20,0,88,150,23,47,26,17,83,23,150,0,14,0,22,44,24,29,150,21,123,106,52,141,49,15,26,0,25,41,15,54,150,0,65,0,8,150,0,22,
18,8,22,29,0,150,8,0,150,0,39,53,94,41,83,30,95,72,0,32,76,25,52,77,19,150,7,0,0,28,150,12,20,150,129,14,0,0,110,24,52,150,0,37,43,0,150,75,
0,8,68,0,77,150,0,40,61,12,23,150,150,78,0,0,34,60,0,80,7,7,0,0,57,0,150,54,39,74,0,33,0,19,8,0,56,4,64,150,1,25,104,28,32,65,4,0,
11,64,150,150,51,69,21,14,0,0,46,30,26,0,13,30,82,0,0,0,0,0,17,150,0,0,22,55,0,56,36,80,22,40,0,47,65,2,0,0,0,45,0,35,104,29,12,150,
41,0,150,18,27,86,0,113,0,19,0,89,150,13,28,124,7,137,150,61,104,30,12,23,27,63,5,0,39,10,0,150,44,34,22,4,30,28,150,2,53,35,0,150,25,28,150,16,
16,13,80,0,27,97,124,34,91,36,27,43,83,0,14,27,0,0,86,41,0,44,50,12,17,9,46,111,7,0,7,16,0,24,83,7,9,45,104,0,27,10,49,3,0,27,40,130,
14,20,17,34,35,0,130,5,8,0,33,97,18,0,89,56,27,13,31,47,96,0,6,105,47,0,41,46,120,14,43,38,0,45,0,23,16,78,150,150,150,0,47,0,150,0,8,8,
0,29,55,48,19,75,0,60,23,27,7,15,150,63,68,3,11,0,58,16,97,139,0,0,22,61,0,0,14,46,66,0,19,15,9,20,9,0,0,50,24,0,8,9,29,108,25,28,
12,13,150,31,0,0,11,57,61,65,0,10,0,25,0,0,39,13,17,41,150,20,36,0,26,61,39,14,14,1,14,3,6,0,48,119,60,74,95,0,102,150,0,0,40,42,30,0,
50,78,31,38,18,0,0,35,27,18,11,104,29,13,9,15,75,0,39,74,49,70,68,0,45,36,101,28,22,86,150,27,43,16,0,14,104,39,20,7,150,9,0,0,16,8,3,0,
0,150,42,13,58,47,7,178,6,59,33,104,0,26,61,165,26,9,53,55,19,51,1,14,108,21,44,150,35,65,68,8,139,0,150,0,0,66,27,44,48,44,0,6,0,53,27,36,
15,0,19,36,69,32,14,0,43,8,82,61,30,12,0,0,0,0,83,46,150,0,150,39,97,0,0,150,0,10,51,21,52,53,105,56,0,25,18,0,65,19,50,34,16,17,0,47,
0,0,21,40,41,8,22,0,74,102,6,26,68,150,35,9,7,67,22,36,89,38,32,67,95,18,0,0,41,7,150,33,72,150,0,66,16,0,13,35,46,24,60,0,0,36,42,0,
27,146,153,153,0,38,36,50,20,51,70,18,81,33,107,17,53,81,0,94,77,49,16,6,12,31,150,88,150,37,20,150,50,70,6,127,24,0,5,71,0,66,23,58,102,30,0,48,
99,42,35,7,0,57,38,32,132,55,0,81,3,29,117,0,19,16,32,150,35,45,150,24,15,3,0,150,36,130,13,14,25,45,0,49,150,10,0,16,150,34,150,27,0,16,56,150,
5,22,10,28,0,3,0,25,52,3,39,28,36,13,0,57,0,80,0,0,17,5,0,66,74,79,63,65,88,42,57,28,32,8,0,78,0,8,0,24,63,17,59,35,9,20,0,33,
56,21,46,60,7,150,150,4,0,0,22,3,139,0,24,48,8,0,28,9,19,0,74,58,86,97,8,50,88,4,0,0,11,20,6,103,118,48,40,25,3,65,36,0,12,45,140,33,
150,8,0,84,25,40,30,3,69,30,55,26,17,19,38,27,29,68,59,150,67,150,15,64,50,0,150,0,51,48,55,71,52,45,41,16,0,12,150,34,0,25,46,122,26,62,17,0,
75,19,112,32,150,0,12,150,73,39,81,0,35,50,12,83,24,108,17,0,70,43,54,28,52,16,21,39,0,38,43,38,150,20,130,16,20,150,0,54,0,3,8,0,0,0,0,21,
23,0,31,0,67,17,15,0,76,44,17,10,48,44,150,42,28,14,11,12,44,38,22,37,40,77,0,150,2,24,73,0,8,0,40,27,150,0,28,0,150,18,12,11,34,150,11,0,
12,0,24,0,88,111,0,148,35,18,11,150,150,64,62,18,18,7,52,41,39,0,0,29,0,42,0,0,0,43,0,25,0,14,0,0,150,29,97,18,39,56,30,40,35,0,18,3,
65,42,141,10,150,88,15,0,36,17,20,44,6,92,33,31,26,12,30,58,50,22,28,28,53,52,0,76,0,150,0,14,11,150,0,68,27,0,30,73,0,93,32,0,65,0,150,0,
5,103,112,48,0,46,0,75,150,0,64,84,150,0,0,0,44,6,41,73,39,64,6,119,76,150,35,56,73,30,12,17,40,28,124,21,32,104,0,98,97,0,43,20,8,150,29,41,
53,51,37,0,0,0,43,127,109,0,42,50,150,62,0,39,2,0,29,27,17,5,0,0,64,124,0,54,90,31,28,19,41,83,0,4,43,0,150,0,0,0,25,7,150,8,44,18,
0,28,0,150,69,41,103,0,132,68,19,150,150,48,51,0,1,150,48,42,6,0,42,0,18,150,82,60,0,14,0,9,4,25,23,113,31,111,83,83,0,50,0,34,54,0,19,0,
16,0,5,21,54,35,102,39,28,32,0,78,61,102,59,70,2,79,0,7,65,41,17,84,26,86,0,19,60,0,14,0,0,150,21,28,0,0,0,0,6,76,150,25,30,0,0,91,
31,52,86,84,29,62,47,43,20,52,169,78,59,13,28,10,44,19,14,22,8,6,98,14,0,47,31,65,55,47,35,7,62,63,121,152,30,111,13,4,0,0,0,65,37,0,53,89,
25,29,21,0,150,0,16,16,0,150,18,75,21,40,150,81,31,0,21,5,113,0,15,14,59,87,27,18,0,56,89,39,7,0,24,33,0,83,0,0,0,13,0,51,41,0,4,20,
55,113,64,46,1,0,150,0,109,46,23,0,83,150,0,39,68,89,7,150,0,150,150,17,34,40,150,73,20,150,79,0,53,87,18,0,0,8,0,20,17,60,24,43,55,0,21,0,
12,15,138,39,42,0,52,0,48,24,150,33,26,87,13,150,89,0,39,31,66,150,35,26,37,48,150,25,85,150,0,93,0,38,83,0,150,17,73,0,0,63,30,150,0,0,36,1,
43,29,18,55,0,2,0,2,150,43,10,30,64,95,18,11,5,14,0,101,0,11,6,0,162,8,0,30,21,44,2,90,119,64,12,42,0,110,150,7,89,150,150,27,0,6,24,61,
150,58,30,68,39,12,47,0,3,62,10,150,150,24,0,31,34,150,72,16,56,0,17,150,36,36,39,35,88,80,34,54,13,45,38,13,14,36,91,23,0,54,49,62,29,0,0,20,
91,132,150,7,51,0,150,31,150,100,99,150,150,37,91,21,66,150,37,150,150,41,150,0,55,150,150,0,0,14,0,38,150,0,14,48,0,44,10,150,123,0,6,31,28,16,0,50,
0,33,81,0,0,28,64,25,18,0,82,53,2,16,36,63,0,66,71,48,150,150,0,73,30,150,150,51,34,36,0,10,69,4,150,83,54,0,150,150,16,25,44,55,81,0,51,0,
68,83,0,57,58,0,47,27,31,31,81,36,110,41,70,35,0,18,42,43,0,23,41,6,0,132,13,0,29,48,32,0,85,0,43,0,150,0,133,150,29,0,150,19,12,50,33,7,
74,0,5,0,3,35,19,25,33,0,39,54,51,57,35,6,60,38,0,150,37,46,28,29,28,0,13,30,57,69,0,5,6,0,18,43,75,9,150,150,0,13,0,69,50,44,37,14,
150,85,150,9,70,67,27,52,55,150,8,150,109,46,0,21,0,6,0,40,0,44,150,41,0,43,16,30,67,56,87,32,150,150,107,45,31,40,0,13,2,18,39,33,49,58,17,25,
69,0,75,0,61,92,80,36,57,6,76,70,51,35,150,0,0,0,41,56,0,0,104,150,0,76,20,59,16,0,32,0,63,0,31,11,57,6,32,41,46,42,150,150,150,48,68,34,
46,7,23,43,27,102,0,7,4,0,51,22,0,0,18,29,42,95,20,150,0,109,67,41,0,27,10,13,36,150,22,150,0,61,59,103,31,22,15,105,150,150,6,26,11,58,52,46,
12,34,34,1,7,0,30,61,21,17,58,0,0,16,3,0,5,17,25,150,40,15,31,150,24,29,0,36,21,15,150,37,68,0,0,150,13,104,1,30,150,24,66,150,71,32,55,150,
150,71,45,150,150,31,34,1,27,98,131,18,35,41,0,1,0,150,45,14,44,12,30,32,150,0,11,0,43,72,21,118,0,150,34,7,49,34,42,0,56,17,32,15,0,115,77,0,
35,14,46,31,0,43,29,89,60,34,49,0,0,150,0,107,150,0,38,117,25,9,65,15,150,14,62,116,82,0,0,10,150,150,89,43,150,110,0,30,0,35,50,56,23,39,11,0,
44,2,23,4,31,0,64,0,150,49,83,43,20,0,27,0,76,51,68,68,0,45,6,51,59,47,36,46,0,150,0,36,63,150,38,29,70,67,50,150,54,17,35,29,66,0,25,150,
42,150,38,3,54,81,69,11,69,17,30,44,54,150,70,0,21,12,64,34,37,13,0,63,20,3,16,0,24,24,8,18,49,0,0,56,37,22,10,39,37,20,28,0,0,17,43,0,
150,26,15,0,0,62,61,150,80,60,51,38,61,38,49,45,59,61,150,150,0,29,150,0,0,6,47,26,150,150,100,150,0,24,58,150,29,136,19,37,8,0,0,0,150,43,45,50,
56,61,0,19,15,0,29,102,150,35,0,35,96,51,60,0,1,22,35,150,94,42,105,26,92,13,0,31,21,68,34,0,57,54,10,0,87,30,37,0,150,9,61,46,15,150,44,56,
80,82,0,7,17,79,0,68,150,20,44,0,22,0,70,44,54,0,49,56,41,12,23,98,44,35,133,32,29,1,95,62,3,104,17,17,33,0,0,44,0,34,15,53,17,150,15,50,
8,101,82,44,88,0,150,11,66,37,23,0,46,0,17,20,150,19,41,0,0,0,78,0,0,35,40,30,5,34,0,44,98,3,74,110,0,26,28,52,0,0,45,19,41,64,23,0,
39,0,9,0,37,0,0,4,62,0,150,0,0,0,0,10,0,83,78,0,150,150,106,53,0,43,85,56,21,0,74,5,0,68,37,57,27,18,28,31,82,75,6,19,4,53,0,0,
0,3,100,30,37,12,82,45,18,0,0,45,33,29,28,12,0,12,150,0,47,18,31,83,49,0,100,27,23,51,57,141,82,88,63,36,9,127,64,0,24,15,60,0,150,78,35,0,
0,43,20,102,150,129,24,23,20,65,82,67,45,19,31,40,102,150,89,0,0,18,150,150,0,37,0,102,0,4,20,0,0,13,100,35,150,46,35,34,37,53,40,150,23,0,0,0,
0,0,10,51,49,0,150,20,19,2,17,93,49,40,84,67,6,150,113,0,40,35,150,0,27,61,4,26,0,90,54,77,34,29,126,16,36,0,13,9,23,68,0,0,30,43,1,67,
132,150,150,40,22,8,32,0,2,115,2,150,150,51,0,0,14,0,0,48,0,69,25,101,23,150,61,42,121,52,32,38,22,26,76,150,150,63,36,150,57,49,53,0,10,0,0,3,
54,150,53,3,54,82,44,52,37,5,7,33,93,16,92,62,0,49,32,34,0,0,31,21,201,62,0,15,23,0,26,39,0,40,44,95,13,0,27,0,88,63,24,2,49,0,150,15,
32,0,27,45,72,44,31,67,18,12,36,102,150,67,0,0,55,54,70,73,81,16,30,75,0,104,14,47,88,150,34,78,44,19,16,38,14,0,39,54,42,14,15,55,97,0,28,30,
0,101,29,0,48,0,0,7,22,20,37,8,44,0,70,8,25,35,37,70,15,0,54,150,74,8,39,51,66,41,150,17,74,37,77,21,44,10,0,0,150,44,20,108,57,5,70,74,
0,80,57,11,14,65,59,0,65,85,58,40,61,19,1,0,48,49,4,38,0,5,0,22,2,44,56,9,0,31,6,16,45,21,0,150,0,53,88,0,0,67,0,62,20,51,9,150,
29,79,19,63,20,33,41,13,36,32,30,0,119,150,41,25,150,8,0,82,18,76,70,8,133,18,85,11,87,18,70,0,20,35,109,46,0,38,48,0,74,150,40,19,65,0,21,71,
15,69,150,28,59,11,150,72,70,0,69,61,150,27,30,70,5,21,36,150,7,0,35,31,0,0,49,120,42,35,150,53,0,20,0,72,1,27,0,5,0,0,76,34,78,12,31,63,
57,78,150,44,25,0,19,13,49,28,9,34,19,150,44,6,20,0,26,24,21,150,56,0,29,73,150,35,68,56,60,26,16,150,62,32,38,0,0,36,107,58,28,21,15,9,68,0,
46,41,109,94,50,150,64,95,0,19,38,150,150,29,112,16,18,0,3,43,0,0,150,40,31,39,0,150,149,16,150,150,56,57,47,96,63,9,28,32,75,30,150,0,35,0,27,32,
116,73,48,26,8,71,2,0,24,4,150,41,64,51,36,40,150,0,61,6,19,30,79,21,19,32,0,53,67,29,60,87,0,15,38,33,17,31,0,0,46,71,24,14,51,26,30,106,
48,0,44,150,7,23,27,35,0,13,63,40,41,51,20,0,43,69,70,17,12,150,29,0,150,10,0,25,67,119,0,26,150,41,47,0,0,24,0,102,31,0,0,0,22,0,60,81,
0,41,25,105,90,16,150,150,0,36,0,37,150,77,13,61,5,8,95,150,0,35,33,87,6,0,121,0,52,81,0,37,26,0,18,29,22,93,24,78,25,80,42,13,26,60,42,14,
150,29,68,87,150,88,27,0,150,150,25,111,35,32,26,30,150,15,17,32,38,18,23,14,150,62,74,58,39,27,45,60,16,48,11,91,0,4,77,0,21,19,68,56,68,77,48,0,
19,29,150,150,17,12,42,109,51,43,38,38,24,15,51,46,5,98,21,18,30,0,5,55,0,0,0,47,46,95,45,150,27,34,42,0,29,58,13,0,0,0,12,34,22,9,7,0,
113,0,87,18,47,0,29,0,24,39,0,150,43,0,0,0,128,52,67,49,77,19,43,0,38,36,32,0,78,150,86,20,53,56,17,0,0,0,150,24,33,0,75,0,8,48,39,34,
39,58,0,71,0,22,38,150,61,0,24,2,20,39,40,0,22,47,0,0,34,136,83,42,150,21,0,88,34,0,50,150,150,77,57,9,11,16,68,150,30,36,54,5,0,35,19,9,
82,47,10,0,18,150,58,28,32,22,0,77,0,0,41,41,6,86,28,0,0,91,10,25,57,64,84,13,78,0,150,0,54,55,44,22,20,0,150,150,150,26,57,28,32,28,0,27,
7,37,82,5,16,150,150,150,55,4,12,150,35,27,69,0,19,0,150,150,0,11,23,45,60,51,39,62,60,22,7,49,150,34,150,102,11,18,35,67,0,150,20,7,97,20,0,10,
0,4,0,0,150,40,150,54,48,150,65,16,8,30,18,80,74,38,42,32,39,0,150,0,150,14,150,6,20,20,0,20,84,139,150,19,150,0,69,150,0,38,48,0,65,57,36,46,
122,70,23,54,56,44,20,78,36,2,45,17,150,37,57,150,37,47,23,150,14,3,22,56,56,11,150,11,0,43,150,150,0,150,15,105,12,95,65,26,23,69,66,42,0,70,0,0,
23,17,0,32,9,40,51,0,46,39,52,150,150,20,150,33,44,21,67,150,5,150,0,150,78,9,10,150,9,150,150,0,59,21,0,119,19,20,150,81,150,150,23,0,15,33,32,6,
51,29,0,150,46,52,0,5,150,84,42,11,57,25,34,63,42,9,43,70,150,33,65,21,21,58,0,13,67,78,0,102,86,9,20,25,150,66,28,41,16,14,150,51,150,16,0,23,
115,60,150,84,97,150,0,43,43,40,24,76,34,78,48,150,150,0,150,82,0,39,40,87,16,0,0,150,0,52,150,11,41,11,35,60,20,17,20,150,150,0,38,150,0,49,52,41,
31,61,46,150,4,25,0,12,14,67,0,0,0,0,39,12,21,0,0,52,24,44,150,31,36,34,7,29,150,27,48,14,82,16,104,0,0,5,16,0,55,56,150,0,0,54,47,55,
69,77,13,68,79,13,51,23,0,11,32,83,150,150,98,0,45,0,53,76,23,20,9,77,97,13,150,150,14,8,26,22,25,55,17,7,91,150,0,0,35,78,150,74,0,150,34,55,
58,4,32,0,0,37,41,76,0,150,17,24,70,51,150,23,36,150,25,150,117,22,150,0,0,0,0,6,50,24,74,45,68,150,47,3,150,54,150,28,68,63,9,29,8,150,83,0,
36,30,89,2,51,16,76,57,48,27,32,113,2,25,75,146,17,32,31,150,21,77,16,0,150,10,24,66,82,150,26,65,0,35,150,47,35,89,50,150,61,11,17,20,34,149,50,0,
16,0,0,55,0,84,34,43,15,43,150,150,32,150,11,31,66,0,10,17,15,24,0,56,68,150,50,30,150,150,49,16,23,36,72,0,43,34,30,172,57,150,150,92,30,23,0,150,
104,27,58,27,30,12,71,0,15,32,150,0,150,150,0,97,46,55,59,41,67,24,53,13,22,28,77,0,103,13,31,30,24,0,16,59,150,38,50,150,150,46,13,93,48,51,85,65,
0,150,109,51,28,24,7,21,66,150,83,40,0,0,0,0,150,101,46,75,42,2,6,75,150,61,19,150,150,28,19,150,25,150,150,22,18,69,84,150,22,27,24,0,86,35,119,10,
68,115,36,70,153,38,150,0,83,150,18,0,12,150,88,84,18,108,3,0,23,19,60,113,16,150,129,150,103,78,1,103,0,0,150,60,20,87,0,21,0,24,150,22,0,39,150,25,
15,81,12,0,150,150,34,0,28,9,9,16,11,0,62,16,18,150,150,150,150,150,150,0,0,9,39,150,72,150,150,150,15,114,32,150,150,63,51,0,144,63,66,150,14,15,0,20,
71,14,0,69,46,150,150,43,98,58,33,0,0,0,70,122,94,5,69,92,150,150,0,86,14,150,11,44,70,0,150,65,97,24,49,98,45,5,35,36,150,8,10,44,2,9,32,150,
17,73,150,150,150,150,37,0,16,42,0,18,25,150,0,150,83,150,18,78,0,13,150,0,0,54,150,43,104,16,150,8,64,103,0,50,150,21,150,0,56,0,150,95,14,150,150,44,
43,4,15,0,38,150,54,150,62,150,35,150,9,150,55,102,150,150,84,16,150,150,107,124,88,24,39,95,63,63,27,0,150,82,66,82,44,150,25,27,55,0,26,48,150,150,1,57,
25,150,46,0,9,3,0,45,0,46,27,150,40,150,80,150,34,150,33,24,20,150,32,58,63,150,25,150,8,150,34,150,150,150,10,28,20,26,0,0,37,89,47,150,0,58,81,0,
16,83,25,0,9,0,38,62,66,34,18,150,12,70,30,30,104,54,153,112,21,52,46,28,0,43,21,51,150,66,18,34,150,0,150,87,0,0,0,53,38,80,51,0,44,25,56,53,
22,150,10,51,11,0,116,150,49,0,0,33,0,150,83,14,8,74,0,72,15,37,64,51,0,84,150,66,112,46,150,150,40,25,31,16,38,0,39,0,0,0,25,20,43,0,71,43,
29,30,0,0,74,77,0,44,0,61,27,150,25,41,150,116,41,0,127,3,116,61,89,14,54,96,15,7,150,95,150,150,33,19,0,5,39,49,8,150,48,13,150,150,6,6,74,48,
49,28,150,16,79,0,80,72,42,34,0,0,32,17,22,33,41,65,53,11,78,92,150,51,31,150,21,70,42,0,150,51,75,4,0,0,150,35,150,130,150,0,0,36,0,30,0,51,
52,49,63,13,46,0,16,20,44,70,81,30,0,0,77,29,38,34,13,60,21,71,46,22,66,37,36,0,82,44,0,39,28,0,30,150,0,64,8,16,34,21,78,27,0,36,80,0,
0,17,51,21,150,150,8,0,85,0,0,84,150,0,150,114,100,70,0,0,18,25,38,26,22,48,44,71,150,47,77,83,42,50,150,6,53,22,99,68,51,78,141,150,30,23,0,150,
150,44,68,0,78,91,0,92,49,58,0,18,17,107,0,0,0,40,32,38,0,24,24,9,150,42,88,150,21,21,38,47,3,23,32,150,150,67,65,33,30,101,89,0,21,89,66,46,
30,82,0,66,44,62,0,10,22,30,29,77,131,20,13,71,18,75,150,150,58,69,0,33,114,90,0,39,0,150,54,2,3,92,101,0,42,18,75,30,150,21,48,14,0,7,40,43,
34,86,70,29,0,12,57,101,62,5,48,33,47,150,150,150,121,16,0,46,150,150,2,17,30,86,35,55,70,33,109,49,1,32,7,36,29,22,56,8,26,78,68,68,150,26,30,41,
50,0,18,53,35,89,0,50,0,150,23,150,13,41,32,0,0,68,34,40,28,6,5,81,0,34,16,27,44,53,0,20,87,126,34,0,10,74,54,25,31,48,4,0,78,72,150,0,
150,11,0,150,35,54,45,24,63,0,133,38,18,150,40,9,2,61,17,14,57,57,30,23,0,150,40,42,6,56,58,19,79,28,0,47,51,0,150,7,23,127,42,0,0,0,38,25,
0,150,28,69,46,33,150,47,74,16,0,0,41,29,54,40,99,21,0,134,27,150,8,31,0,57,13,29,46,69,70,0,54,27,150,150,66,0,102,1,30,21,47,4,42,76,0,11,
123,75,37,17,150,76,13,41,44,33,150,0,55,0,0,10,129,31,0,0,0,27,35,150,65,36,37,43,150,38,3,28,130,150,121,0,58,18,62,26,0,150,5,110,0,150,33,7,
44,150,0,67,16,0,52,60,54,11,70,112,150,68,25,39,52,44,78,19,13,2,39,0,61,19,35,36,0,150,16,11,150,52,38,70,46,27,150,77,72,34,150,0,33,53,150,33,
0,119,0,33,87,90,39,0,67,78,22,19,0,42,77,150,42,150,56,80,39,3,0,59,88,94,51,14,59,28,20,62,150,0,150,24,31,102,44,39,22,30,83,50,35,14,39,0,
56,0,117,26,0,0,34,39,46,17,69,150,36,150,22,33,24,5,54,0,17,53,40,56,54,150,54,68,53,23,19,63,1,20,7,75,41,150,0,35,150,15,0,58,84,37,150,52,
119,150,69,6,24,73,38,33,0,25,53,19,41,58,40,32,0,0,39,16,150,43,150,0,10,115,27,35,30,32,150,4,28,52,0,53,17,61,58,40,52,62,67,0,3,42,21,6,
70,27,68,68,24,29,0,66,42,47,40,32,0,51,73,150,0,19,63,0,40,0,83,2,12,17,150,104,86,34,45,0,0,0,53,30,18,29,27,20,15,113,150,0,0,150,0,27,
0,88,20,63,46,0,12,12,90,150,54,21,150,42,150,22,70,117,38,57,37,28,36,104,58,150,68,16,50,150,30,0,50,150,39,150,0,69,50,17,37,0,47,27,62,5,82,72,
30,14,58,150,89,150,150,30,39,84,23,29,26,0,121,150,0,51,33,36,76,5,8,150,15,31,84,0,20,71,64,68,50,38,0,10,48,0,51,30,49,4,102,112,21,90,150,0,
0,150,62,150,33,92,38,0,64,17,0,60,17,17,35,15,0,62,150,18,27,0,14,47,81,150,71,0,0,34,54,150,66,85,40,70,106,150,9,35,42,0,27,13,59,25,74,0,
84,42,57,137,26,30,14,150,150,1,42,150,83,150,150,90,4,0,18,10,0,24,66,45,9,150,42,150,36,28,48,0,41,43,51,119,0,48,155,20,13,55,150,0,18,35,50,49,
12,50,16,26,25,64,150,0,12,30,0,150,34,150,2,150,4,37,63,0,42,0,85,25,37,0,0,150,129,33,65,31,35,7,37,62,9,97,45,0,30,0,0,98,69,4,150,69,
66,0,43,32,0,0,44,150,150,49,150,19,150,28,0,0,150,59,42,11,33,0,51,0,29,23,0,45,48,0,31,150,52,32,0,51,59,19,0,150,30,66,18,42,61,0,76,44,
150,125,36,66,0,150,150,150,32,30,31,31,47,0,24,0,104,53,150,126,28,58,51,14,25,13,150,150,34,38,150,19,0,11,80,0,41,0,45,0,47,150,64,18,38,0,86,150,
150,88,29,57,0,150,150,0,22,0,58,60,31,97,0,25,150,108,32,81,150,89,0,48,77,45,35,29,34,63,14,32,19,150,150,18,64,37,61,150,53,28,150,150,98,30,45,150,
15,0,47,14,22,21,150,78,150,49,150,42,30,87,22,150,150,31,4,30,12,150,53,35,67,0,150,119,87,83,88,36,150,48,150,90,54,26,25,80,150,10,150,150,0,150,33,33,
40,0,150,16,99,150,0,0,12,150,5,39,37,0,57,29,5,150,0,150,11,17,81,150,20,0,0,150,16,49,150,47,150,35,150,150,0,62,6,9,0,21,24,0,25,53,10,47,
72,9,52,0,20,0,150,150,150,48,69,53,48,150,11,44,0,0,37,150,49,17,95,24,18,25,20,18,42,29,32,0,36,150,24,14,26,26,75,21,86,0,36,0,150,150,31,14,
0,124,7,150,150,150,34,1,0,37,42,107,150,150,20,150,21,26,20,81,27,150,0,42,0,0,0,51,0,58,150,16,97,150,25,18,39,150,0,25,21,28,0,85,150,150,150,150,
8,45,51,150,0,42,150,27,150,37,61,10,0,77,17,0,0,150,150,150,0,150,5,8,15,30,35,150,28,0,0,0,8,13,0,32,150,62,40,45,0,18,88,43,150,150,34,0,
21,18,39,53,29,0,0,150,150,38,150,62,56,0,0,38,49,51,11,10,150,0,150,50,25,48,150,18,150,2,15,150,25,150,47,12,150,0,84,150,12,36,150,57,28,28,150,21,
46,0,81,18,95,0,60,18,18,150,150,123,0,150,150,150,150,5,3,150,14,54,150,0,150,35,30,17,26,0,150,20,23,23,17,89,150,150,17,150,68,0,0,112,150,0,26,31,
41,18,68,33,0,87,150,150,40,0,39,26,46,0,0,150,0,119,41,35,150,53,50,14,150,150,150,95,27,150,32,150,39,64,7,32,58,0,0,37,70,53,90,150,2,150,0,13,
150,15,37,75,150,1,13,0,64,0,54,22,56,66,80,64,25,63,16,58,150,34,150,0,0,42,150,150,41,36,150,0,0,42,83,150,42,48,21,18,15,0,150,0,150,150,125,150,
60,22,67,0,67,0,0,29,62,150,29,150,63,150,0,47,150,150,50,8,39,150,0,150,41,23,150,11,29,150,27,0,150,0,104,53,75,104,17,16,0,65,53,37,0,4,150,0,
14,150,47,150,34,0,112,150,0,46,29,81,58,25,0,22,21,47,150,33,6,61,29,12,0,18,29,20,83,150,150,51,47,125,24,83,51,150,22,18,31,84,0,5,83,1,0,44,
150,17,68,150,150,0,25,97,43,27,58,0,0,150,40,96,57,52,53,43,14,58,0,0,150,42,0,22,150,27,16,0,7,150,60,18,43,150,14,87,36,7,0,5,70,43,150,150,
150,28,14,89,50,150,8,4,70,40,78,150,0,33,102,30,27,0,150,39,28,83,150,150,22,150,0,150,35,47,19,53,83,150,63,65,3,0,150,107,0,150,0,112,19,33,150,21,
44,104,34,76,0,0,48,71,23,46,150,36,150,46,47,0,0,97,104,40,47,6,130,33,16,23,0,35,0,11,22,150,0,5,24,20,45,150,11,9,150,0,39,69,0,0,4,20,
0,52,89,8,0,60,10,27,150,89,0,103,4,40,13,0,30,47,0,0,10,20,0,150,32,96,150,19,27,48,47,150,89,0,49,150,150,150,51,39,8,150,26,67,150,150,27,150,
0,150,150,26,36,31,0,150,98,61,19,36,5,45,150,85,7,20,4,150,68,77,0,0,0,70,83,103,14,0,0,9,20,0,150,87,42,0,21,13,75,91,21,104,0,150,0,150,
0,6,8,80,150,150,0,33,107,0,49,58,75,53,69,20,38,14,21,0,150,8,31,23,33,49,150,48,36,0,34,3,33,45,60,2,10,71,55,0,12,27,0,150,0,19,17,15,
150,150,41,12,150,150,150,0,150,150,150,150,0,150,17,21,61,59,35,150,6,25,0,48,0,62,150,0,48,27,150,47,150,33,54,14,0,0,35,150,44,0,150,150,67,150,0,72,
20,26,0,48,52,54,150,21,23,72,9,150,70,0,150,150,150,35,0,42,32,21,150,37,0,150,79,150,20,19,3,76,0,150,18,33,31,150,0,0,71,11,150,12,10,150,33,23,
150,43,96,44,97,32,0,0,21,37,0,4,40,41,59,0,33,0,150,15,63,71,42,150,34,0,63,104,37,60,12,49,150,0,81,150,0,19,39,141,40,23,14,139,41,22,150,43,
66,49,150,150,131,32,7,3,49,2,150,40,150,0,150,0,150,150,83,0,57,3,0,51,16,13,83,0,18,63,29,0,0,0,48,72,0,25,44,0,15,61,26,0,0,59,23,24,
0,150,20,73,27,36,13,46,2,28,31,0,0,31,53,150,11,62,54,25,0,89,21,40,32,51,28,14,49,35,0,150,19,125,36,0,23,85,53,150,150,0,150,28,51,33,32,62,
0,150,35,129,0,7,17,94,16,48,29,14,0,68,150,0,150,6,0,26,0,0,79,29,40,97,0,37,20,0,69,31,41,0,55,150,57,15,150,29,51,0,21,44,91,0,39,0,
150,150,22,0,41,51,150,83,15,97,0,150,29,0,0,150,102,20,14,68,73,22,0,40,0,69,68,72,35,57,137,33,31,150,150,150,56,34,136,6,53,74,150,41,35,32,24,0,
150,73,20,60,78,20,150,90,22,0,69,21,58,150,34,6,45,37,150,0,17,91,150,64,62,15,48,150,0,150,37,0,13,25,13,61,9,25,0,0,150,150,150,34,10,150,43,150,
125,150,150,30,150,82,25,91,28,28,150,17,48,32,85,107,0,32,93,13,28,0,14,0,20,43,14,102,104,2,25,144,0,83,19,48,150,0,150,0,76,28,13,18,150,51,17,56,
35,12,1,0,150,0,104,150,42,150,37,32,12,9,0,23,54,56,42,70,13,63,35,57,26,0,150,0,34,70,42,94,0,37,150,42,0,32,150,0,28,68,46,27,38,37,67,150,
15,89,97,150,0,45,0,150,18,0,33,35,13,150,5,28,0,64,0,27,67,124,25,0,73,104,68,150,120,27,28,26,0,46,96,150,0,0,73,150,150,89,21,77,80,35,150,139,
150,42,11,51,57,8,31,150,150,16,0,150,6,65,21,104,150,0,67,0,0,77,13,13,0,36,25,4,15,150,0,14,0,0,48,26,73,27,21,18,0,37,41,47,0,61,73,76,
126,27,55,2,22,150,33,24,41,16,150,44,15,91,0,21,45,32,39,59,21,155,21,71,20,49,0,0,87,11,11,150,41,150,43,47,0,49,41,36,35,150,7,0,8,14,59,117,
0,21,58,29,150,0,3,150,118,0,34,63,50,14,44,16,0,13,0,32,33,40,56,20,122,58,96,150,23,43,0,150,42,24,92,0,21,14,83,43,0,51,38,29,150,77,8,50,
4,150,150,0,48,32,150,7,7,59,0,0,0,63,150,129,0,150,70,20,7,0,48,54,69,41,24,53,43,11,139,48,41,18,62,121,0,19,43,150,22,35,15,57,35,34,33,83,
83,78,38,100,74,0,57,12,35,30,50,30,2,13,88,29,150,51,14,38,13,0,22,86,36,22,25,33,150,16,29,102,21,30,32,39,0,17,0,8,0,73,0,34,45,149,0,0,
9,0,0,34,0,28,61,4,78,18,16,48,2,17,0,0,34,74,25,55,43,89,0,52,19,48,85,28,66,34,0,34,70,10,0,31,14,0,98,8,12,0,19,0,27,59,0,0,
55,38,37,81,18,32,21,17,27,28,150,46,101,27,0,60,73,57,0,9,0,13,30,29,20,0,91,83,84,43,34,150,8,119,0,74,150,0,57,61,0,23,14,0,9,53,1,42,
78,12,41,61,20,21,8,5,0,35,24,150,81,43,0,47,0,0,0,29,5,38,0,95,62,0,37,18,71,51,6,0,60,64,0,37,107,52,4,37,21,0,17,17,18,73,10,104,
13,89,11,29,49,97,22,17,28,25,27,29,93,10,51,0,33,28,150,50,34,0,29,16,150,20,0,19,13,78,11,18,11,7,66,3,24,15,68,110,55,0,38,56,0,38,48,64,
35,0,95,74,112,28,14,10,6,47,32,127,9,0,5,41,150,18,17,73,39,24,85,26,0,150,58,0,51,150,86,17,39,76,44,48,38,72,49,107,0,10,150,23,37,0,150,0,
54,0,0,3,18,0,36,92,33,49,97,0,15,0,48,40,14,23,73,38,0,15,43,0,58,8,0,0,42,31,8,119,29,0,5,37,82,47,0,0,52,9,150,0,0,64,1,0,
150,0,0,33,36,11,49,88,18,72,150,0,7,13,47,50,36,29,37,36,63,27,23,67,0,62,36,14,15,22,0,41,9,60,0,150,97,22,80,81,65,82,28,12,17,12,6,0,
47,43,14,61,11,150,63,0,16,42,74,70,6,2,22,0,54,67,0,0,59,150,47,27,0,7,45,49,26,0,63,71,0,37,0,32,30,8,0,150,27,53,122,150,18,13,12,38,
53,50,118,78,1,27,39,9,65,81,150,16,35,78,69,30,59,80,150,86,20,46,27,0,0,71,32,37,14,150,81,0,0,13,0,16,22,60,17,29,97,8,74,62,7,31,0,41,
150,49,32,37,27,0,150,43,25,23,102,15,86,16,33,0,0,16,18,85,0,84,57,102,41,4,104,28,75,38,0,70,47,33,0,0,0,7,0,11,42,106,41,80,8,75,39,117,
18,63,36,0,20,0,150,14,79,11,0,0,123,18,150,169,0,76,49,41,0,150,35,37,125,36,0,72,41,56,35,0,56,28,60,3,124,63,74,0,10,30,11,14,150,21,46,0,
28,33,150,89,54,0,53,1,50,24,4,4,40,53,14,29,48,0,14,104,20,0,0,53,20,47,56,150,25,6,40,93,82,17,0,82,150,30,45,98,67,21,50,26,150,14,0,150,
105,0,0,88,0,48,0,123,44,19,61,95,35,47,24,19,0,3,0,45,150,140,76,0,0,78,0,128,29,1,0,38,150,32,0,14,150,65,150,0,150,25,16,150,0,70,23,49,
12,66,40,0,53,7,41,0,89,16,42,22,53,56,131,28,150,3,0,41,84,32,150,150,104,117,31,46,150,5,125,150,99,47,150,33,37,150,0,0,71,0,63,33,35,150,150,0,
150,26,37,37,44,0,13,64,63,52,97,0,53,127,0,30,47,0,150,150,29,78,2,54,62,7,19,24,85,29,21,57,0,56,0,21,0,150,66,7,13,30,13,0,41,71,48,16,
42,21,36,5,23,13,0,11,53,4,17,96,35,150,51,16,55,30,0,150,44,0,150,45,0,15,0,24,62,61,21,0,0,0,0,0,150,124,150,84,9,40,0,22,7,44,21,34,
35,150,41,35,82,58,123,38,41,150,16,150,0,75,20,0,16,0,7,0,0,23,4,31,0,49,57,83,21,0,1,150,0,111,0,4,61,0,64,82,10,0,0,150,9,7,96,0,
150,104,0,0,0,30,60,54,150,0,50,0,5,0,0,0,31,150,80,129,46,70,22,16,74,101,0,0,38,24,0,1,0,101,0,114,12,0,0,57,150,0,33,62,57,46,36,0,
66,0,19,7,55,0,24,43,0,77,44,55,78,130,22,65,16,47,150,0,0,75,2,0,46,47,0,144,45,0,18,40,37,1,0,40,15,24,46,23,96,46,62,0,70,17,87,150,
30,55,40,50,16,14,30,17,71,28,0,6,38,31,29,11,73,6,4,18,15,0,0,66,33,33,78,66,0,21,62,0,3,71,0,24,14,62,28,9,110,0,34,52,0,49,34,38,
0,103,8,10,17,0,13,35,38,20,40,5,101,80,49,16,38,30,33,23,39,0,13,0,16,31,51,54,26,0,150,83,69,150,107,17,0,0,0,36,103,29,31,0,25,52,14,0,
0,150,56,74,69,101,28,0,22,47,52,25,67,64,0,85,0,59,2,34,150,37,51,150,29,67,88,0,0,23,119,4,150,0,28,20,0,0,50,11,0,58,67,0,7,30,12,63,
41,19,66,22,44,63,0,27,12,0,0,0,88,150,21,23,85,0,0,30,24,0,74,14,30,12,15,72,31,0,23,80,42,3,58,59,55,0,36,56,0,10,21,0,65,21,26,0,
0,0,26,150,150,0,15,11,81,17,31,86,34,14,63,0,150,32,25,21,40,20,28,77,14,21,11,0,9,68,13,0,1,0,17,10,150,55,54,65,159,24,0,0,50,21,11,63,
150,149,53,30,0,47,105,32,0,54,0,71,11,46,105,57,0,15,79,0,29,59,5,76,11,19,125,71,75,32,74,31,0,150,81,150,30,63,99,6,16,49,150,71,4,42,72,0,
150,150,28,82,150,0,0,56,143,8,15,48,0,37,0,56,61,150,131,150,59,0,42,21,6,20,13,40,0,150,107,0,150,66,39,0,45,150,58,78,17,0,15,4,109,30,21,32,
25,150,4,0,150,12,25,18,53,65,59,163,53,150,0,0,69,41,63,21,26,0,9,2,0,40,150,40,150,18,0,19,0,150,53,1,0,107,35,53,25,0,0,41,2,1,83,64,
117,19,51,37,0,2,19,0,25,35,0,0,0,126,38,0,0,28,74,39,0,21,36,0,70,17,51,30,50,17,7,0,3,0,0,13,125,0,11,0,0,29,54,39,66,22,63,95,
77,80,32,4,0,48,45,7,0,13,37,0,19,0,39,51,71,44,18,66,100,9,22,33,16,0,24,21,1,0,26,66,150,15,150,3,17,20,44,22,19,28,0,16,29,83,3,4,
45,126,74,77,63,0,48,16,46,98,0,89,37,61,19,86,66,59,35,8,60,6,82,20,121,77,124,0,23,72,0,81,34,65,9,0,150,7,8,0,150,33,77,29,3,45,62,42,
150,150,12,44,50,54,150,58,150,7,150,150,48,150,21,150,150,0,150,61,17,150,0,150,150,150,83,150,150,0,0,150,100,13,42,75,59,150,40,53,19,150,150,17,150,15,74,150,
40,46,150,150,32,150,19,111,150,0,150,0,150,0,150,18,50,0,54,38,150,0,9,68,150,150,8,63,150,39,19,34,38,28,0,14,150,0,150,56,150,15,7,73,105,6,82,150,
150,36,43,150,150,54,149,0,40,39,95,33,150,15,150,119,0,70,85,150,36,150,150,16,20,28,0,0,1,150,72,0,17,15,32,150,14,48,6,108,0,51,81,150,102,0,150,28,
150,17,150,14,56,33,18,150,56,48,10,37,60,27,25,48,28,0,34,100,0,150,150,70,80,74,37,59,7,46,31,68,41,150,150,150,10,150,150,18,0,26,104,13,45,150,18,15,
150,55,23,0,150,150,19,43,150,41,40,35,0,59,8,90,73,150,11,48,41,46,53,41,20,8,54,150,0,32,150,101,38,37,44,68,9,24,12,62,150,43,20,46,150,48,150,0,
150,150,43,150,150,0,150,50,155,85,19,150,150,0,31,150,12,16,150,39,0,150,150,0,35,18,150,16,74,37,0,88,8,144,0,150,18,48,150,150,150,150,80,38,150,29,48,0,
27,150,43,58,38,41,62,150,41,0,96,70,38,65,150,150,24,24,0,69,48,150,150,150,150,22,61,150,150,128,36,30,150,144,0,82,0,49,39,0,6,150,0,49,25,150,117,50,
56,0,85,28,150,150,0,12,150,6,34,0,7,18,73,66,150,6,3,56,52,150,40,18,59,69,1,35,150,150,103,150,17,150,150,0,0,150,150,150,150,2,25,0,6,4,8,97,
2,150,8,0,150,150,69,0,0,0,0,25,29,150,11,0,150,17,32,70,74,0,92,150,22,58,150,43,150,54,17,0,9,0,37,0,13,103,18,150,19,150,22,150,0,1,150,150,
90,11,46,98,78,23,18,90,88,34,150,0,34,150,38,150,0,27,69,36,5,150,52,0,12,54,38,150,150,97,22,11,22,150,150,0,8,74,30,17,42,13,150,150,37,29,150,150,
0,18,0,84,48,17,56,150,86,20,0,57,0,21,0,150,40,0,0,33,104,0,0,150,110,77,35,100,17,150,0,8,150,150,12,150,0,150,48,58,8,73,51,76,0,3,150,36,
18,76,3,41,44,23,57,0,0,150,75,0,0,19,150,118,107,26,51,50,150,0,40,150,9,150,0,8,150,115,46,19,38,0,150,0,13,0,17,70,150,150,0,0,0,62,17,79,
0,150,44,41,47,11,0,16,5,127,51,38,19,150,13,20,150,51,29,33,28,9,48,0,105,150,12,0,33,0,132,150,24,150,45,8,41,150,5,100,16,0,85,66,0,64,46,150,
80,0,0,48,8,1,28,0,36,76,1,121,5,7,12,35,0,91,7,10,51,18,0,97,35,27,21,0,150,12,7,150,42,30,65,3,17,81,0,35,150,104,77,0,150,150,11,0,
33,0,49,29,0,17,42,0,102,150,32,37,0,150,52,31,151,47,150,45,150,78,4,0,7,32,150,125,45,2,69,150,83,150,0,90,13,0,0,109,8,150,150,36,9,0,0,0,
22,97,33,10,13,15,150,0,150,29,24,97,0,8,26,150,32,39,150,22,28,0,0,150,150,68,22,0,0,8,20,0,0,41,150,44,122,34,7,29,150,49,0,0,150,0,2,0,
150,7,0,25,24,42,16,0,70,0,12,0,0,3,77,81,61,8,36,3,150,0,150,2,88,150,54,52,150,0,119,81,28,15,150,150,0,36,0,28,0,23,85,10,150,150,0,0,
16,38,87,5,43,33,0,74,31,51,0,57,153,4,17,22,37,68,0,8,0,23,19,9,0,22,71,49,63,32,2,150,47,13,150,55,82,150,150,150,34,58,97,150,0,0,52,85,
84,26,130,1,67,27,0,150,49,25,66,150,16,31,42,2,51,104,62,150,42,97,81,65,12,150,0,17,5,70,98,150,72,48,0,29,100,150,0,16,64,82,56,32,5,3,19,15,
7,5,150,10,0,102,57,39,84,150,22,0,20,150,0,150,32,36,64,81,0,48,18,0,0,32,102,0,33,56,150,21,23,37,48,18,74,28,72,0,150,21,71,115,58,34,49,5,
68,29,9,0,16,4,150,97,104,3,33,55,93,79,67,150,23,28,32,150,104,4,27,150,33,0,0,70,12,20,0,0,150,51,52,27,39,0,39,6,26,0,150,79,55,53,33,19,
150,0,30,53,0,65,61,0,150,132,150,14,12,0,71,41,39,13,0,33,9,0,150,0,29,43,45,15,150,7,69,59,39,0,0,28,19,23,19,150,82,81,150,131,27,11,0,64,
0,57,6,73,80,0,55,95,43,0,17,31,150,43,0,31,32,60,25,0,58,150,150,56,35,18,52,42,59,84,22,55,59,150,65,0,43,48,150,59,23,7,23,125,150,11,15,14,
6,150,28,150,23,0,0,49,16,72,8,40,5,20,0,21,28,81,150,34,10,25,64,150,61,63,39,46,150,17,46,69,81,12,15,150,11,18,17,150,62,41,137,0,13,17,167,150,
20,20,150,37,29,21,54,150,112,17,150,39,72,150,35,27,29,84,150,60,150,59,8,20,45,22,19,1,64,110,86,16,18,0,84,150,73,150,9,106,150,93,55,150,0,27,64,32,
0,10,66,64,113,17,91,3,10,70,150,98,5,0,0,13,97,11,50,0,34,78,144,1,30,63,0,22,21,66,48,150,0,88,150,3,79,19,15,31,15,35,15,150,150,0,44,21,
43,64,23,0,150,23,0,33,30,150,31,39,63,10,18,64,9,8,107,75,52,0,13,0,144,0,150,24,78,48,70,25,46,31,126,150,150,0,4,150,0,22,150,1,23,150,0,48,
0,0,25,81,9,39,11,150,76,150,150,22,10,0,81,42,4,0,96,30,150,38,0,58,0,45,15,150,150,98,150,150,22,95,50,0,11,150,13,0,0,150,24,26,26,82,150,50,
64,0,0,66,40,19,34,150,49,97,2,0,73,11,12,17,34,38,0,150,150,56,0,97,0,150,150,137,0,0,9,150,0,45,66,22,29,150,30,8,10,17,49,150,150,150,37,26,
2,15,56,150,16,9,12,150,150,29,150,11,150,150,150,27,150,3,21,0,40,27,37,28,33,49,13,150,2,0,0,150,52,12,56,67,5,150,0,24,47,0,73,25,57,37,75,150,
15,28,125,150,15,42,25,0,27,109,48,150,58,0,150,84,32,4,10,40,12,0,80,39,72,150,0,6,18,150,27,27,34,12,22,23,0,150,150,0,41,1,150,150,4,13,51,150,
150,150,18,0,150,150,16,150,86,11,0,150,30,69,150,150,0,27,0,20,19,119,27,40,16,150,79,150,39,150,8,0,0,32,4,24,43,150,150,0,150,38,1,18,150,34,150,150,
150,132,41,150,31,16,150,60,32,150,150,0,27,19,56,150,150,6,150,0,0,150,61,150,150,0,150,47,22,30,150,0,0,41,27,87,66,45,30,38,29,0,47,0,26,30,150,53,
12,150,150,31,61,150,150,79,150,150,150,23,150,0,0,41,150,150,150,49,27,150,150,3,150,0,55,52,33,0,17,0,69,32,150,22,28,0,30,150,150,12,25,150,12,150,13,8,
2,30,150,48,62,30,150,20,150,150,0,150,0,78,150,150,1,150,150,69,28,36,27,70,19,0,22,150,104,41,0,36,150,48,13,150,150,150,0,28,89,31,150,20,4,23,58,150,
0,0,27,150,83,19,33,34,150,0,20,69,11,150,150,150,150,150,6,150,150,44,0,0,43,68,150,150,11,74,45,0,16,39,150,150,25,150,150,150,22,150,150,0,72,65,13,63,
28,39,150,33,150,8,150,42,150,4,150,44,0,17,150,150,48,0,0,42,150,150,34,0,11,40,0,3,36,52,66,79,29,62,4,150,0,150,32,150,43,38,36,0,150,30,48,39,
0,42,3,20,34,150,61,7,150,11,0,0,1,150,0,46,24,150,52,150,22,11,150,0,0,0,7,150,150,39,72,44,150,16,35,150,150,0,150,122,150,107,22,13,150,115,150,15,
114,22,0,26,150,150,150,150,32,0,150,150,34,41,32,150,35,10,150,150,150,0,150,150,18,7,121,32,0,14,150,0,49,56,35,150,37,25,45,0,51,32,0,11,139,0,0,144,
38,30,0,50,31,150,53,33,150,70,19,50,11,30,6,150,33,0,0,150,43,15,150,11,150,150,87,9,42,54,68,17,74,45,106,4,44,46,45,14,25,28,150,39,21,15,24,150,
35,0,40,0,39,28,150,32,53,43,31,28,150,22,35,27,32,150,3,150,12,35,46,70,0,0,150,36,53,37,50,150,41,10,23,150,10,0,150,64,26,31,0,0,45,105,12,150,
30,150,0,0,44,150,24,150,150,150,150,43,150,150,150,43,150,0,18,0,37,0,0,60,0,150,150,23,0,0,23,7,150,150,150,150,150,26,23,150,49,150,150,0,24,150,34,55,
30,150,150,28,42,150,7,150,28,150,30,150,44,88,41,111,13,34,3,150,25,21,82,0,150,22,150,70,35,10,9,11,0,150,68,28,150,24,2,0,1,37,33,150,0,104,103,97,
150,150,0,18,150,56,0,27,53,26,60,0,28,67,69,40,60,48,13,97,0,150,64,150,0,150,26,11,150,21,64,150,150,150,0,13,3,108,12,150,150,33,69,4,150,0,18,150,
20,37,150,29,0,9,11,150,89,12,0,20,5,0,28,0,0,34,4,150,0,8,150,150,150,150,16,36,9,13,42,29,13,0,150,22,83,57,25,150,30,150,0,32,86,150,42,3,
58,0,20,20,34,32,4,35,0,150,150,38,4,54,150,81,52,11,7,24,107,37,7,150,28,59,0,35,107,84,0,23,92,28,31,34,25,0,0,21,0,22,35,0,37,0,89,150,
150,34,150,33,0,14,150,0,150,150,42,0,0,42,19,0,150,29,46,150,0,150,23,47,150,150,0,150,58,150,42,29,0,0,27,31,150,95,106,69,17,150,16,150,119,150,69,150,
150,0,20,150,34,41,14,55,150,150,150,150,150,27,0,1,76,2,99,0,15,0,150,6,11,16,13,150,44,8,24,51,150,34,11,35,19,34,30,150,17,150,89,3,150,25,11,0,
150,150,30,44,0,150,0,1,63,18,50,36,150,150,45,48,59,150,38,150,50,29,150,86,10,150,13,36,25,27,19,0,13,34,150,91,92,150,150,9,43,150,150,150,12,9,10,0,
2,0,0,8,0,0,0,0,0,0,0,0,0,0,12,0,5,0,20,11,20,0,0,2,0,13,0,0,2,0,0,25,7,0,31,0,0,12,0,0,0,12,4,4,0,0,6,4,
0,0,0,3,0,0,0,0,0,0,0,11,0,0,0,5,0,0,0,0,4,0,16,0,0,0,0,0,8,6,0,0,0,0,0,0,0,19,0,26,0,0,0,0,0,0,26,0,
0,13,35,2,7,0,0,0,0,0,0,11,0,0,0,23,12,16,6,7,0,0,0,4,13,3,0,1,0,0,0,0,14,11,0,0,0,44,0,0,18,0,150,0,0,0,0,0,
0,0,19,0,5,18,0,8,0,21,0,0,8,2,0,0,0,16,10,5,0,0,0,12,0,0,0,0,16,5,12,25,22,0,8,4,0,6,0,0,0,0,14,0,22,8,6,0,
0,4,9,1,11,8,0,5,0,10,0,0,0,0,24,20,7,0,0,16,0,8,0,0,0,0,24,19,6,0,10,0,0,0,5,0,6,2,27,0,35,0,8,0,2,0,7,8,
0,0,0,0,0,0,0,4,0,29,0,0,0,0,18,0,3,0,0,10,11,0,0,2,6,0,0,39,3,2,0,0,2,0,13,0,24,22,12,0,10,0,8,0,0,24,19,35,
0,150,4,0,43,0,10,14,0,4,6,23,6,0,0,7,0,0,0,12,0,0,0,0,32,22,0,9,0,10,9,0,0,0,0,14,0,0,0,0,6,8,0,0,0,17,0,6,
23,0,1,14,26,0,0,0,0,19,4,0,12,2,0,0,0,0,25,4,4,0,10,35,7,0,0,0,0,2,0,14,0,0,5,0,0,14,0,0,0,0,0,0,4,0,0,0,
0,20,6,6,12,21,0,2,0,27,0,22,0,0,22,19,28,4,0,0,0,0,0,8,25,21,0,0,0,2,0,21,26,2,0,12,0,44,0,4,21,7,0,0,0,3,20,36,
0,0,10,0,18,19,0,15,18,14,12,4,0,0,18,34,24,0,20,0,24,6,14,17,0,16,0,8,0,0,0,0,0,3,0,30,0,9,14,27,11,2,0,20,2,0,29,0,
12,4,27,0,0,2,36,0,12,34,10,9,4,12,0,27,16,22,6,0,0,2,3,4,0,20,20,21,0,18,0,20,0,18,1,4,0,18,0,0,16,0,4,0,18,150,0,14,
6,4,8,16,20,23,14,4,22,14,20,0,25,22,12,0,0,8,0,0,3,4,6,5,22,0,12,18,0,1,0,0,18,2,0,0,27,0,3,33,2,17,0,20,0,8,33,7,
9,0,0,27,0,21,0,4,16,35,10,0,9,20,0,0,0,18,12,23,0,2,2,0,14,0,29,4,4,12,15,11,2,4,0,21,12,8,0,22,12,21,25,6,0,0,0,0,
0,35,4,4,0,2,30,6,2,11,36,0,0,24,2,17,7,20,0,0,0,25,0,16,19,3,0,0,4,33,8,17,10,27,2,23,0,8,0,12,3,0,2,11,0,16,0,0,
0,14,0,12,0,24,12,0,12,0,8,0,0,0,17,6,26,0,4,20,2,20,24,8,0,0,22,8,0,10,18,0,0,0,12,16,0,13,6,0,0,0,0,14,24,15,26,4,
23,0,0,23,10,2,0,1,2,12,30,8,10,13,0,0,9,14,0,0,14,1,2,2,13,14,2,28,0,14,3,0,22,18,0,0,12,20,0,12,6,0,15,7,14,20,16,22,
0,0,13,7,12,0,45,4,0,0,24,8,4,2,6,8,0,4,4,17,10,0,4,22,19,10,0,0,0,24,0,12,0,0,30,0,0,4,28,2,30,14,6,6,0,16,0,12,
11,0,14,22,0,0,4,29,2,16,33,0,8,0,8,8,8,0,4,14,0,0,150,9,26,2,0,0,0,0,0,0,0,6,8,28,0,30,28,0,0,0,10,0,0,1,10,0,
0,18,12,18,18,0,0,14,17,4,7,18,20,15,0,14,0,0,0,20,10,0,0,12,0,9,8,0,0,14,4,0,14,0,0,2,12,8,12,6,0,8,0,0,10,16,1,0,
12,29,0,0,2,6,18,0,30,9,10,0,20,0,10,4,21,8,0,1,0,6,12,22,0,0,6,0,12,0,0,10,18,0,21,4,0,6,22,18,14,0,0,9,0,12,0,26,
2,4,10,12,8,0,10,8,0,6,0,25,0,27,0,17,17,22,0,8,0,0,0,24,13,6,29,6,8,0,18,9,23,14,0,6,2,24,8,27,0,28,27,22,2,10,0,8,
11,0,20,14,0,18,0,25,0,6,7,0,17,13,12,16,16,28,6,20,0,150,0,0,24,0,0,0,10,8,8,9,16,8,0,2,22,0,0,6,8,11,24,6,26,0,2,10,
8,10,32,0,12,4,0,47,8,5,0,8,16,0,8,15,22,0,24,2,24,19,0,0,0,24,0,2,14,6,2,4,0,21,10,20,0,0,8,0,0,14,0,0,4,0,0,21,
0,28,14,11,2,0,10,8,0,17,0,0,0,0,0,0,7,4,14,20,0,1,6,0,0,24,16,0,150,20,6,22,8,12,0,0,7,10,8,0,150,23,11,0,0,0,6,16,
0,22,0,0,15,0,2,2,0,0,22,0,13,2,4,0,8,0,0,0,0,0,5,9,0,9,2,3,0,0,15,22,0,7,15,29,6,19,0,5,0,0,0,0,1,20,15,22,
0,0,0,0,12,0,10,0,0,0,4,0,0,22,0,0,24,0,0,0,2,0,2,0,6,0,0,4,27,0,0,10,16,0,2,24,1,0,2,4,22,0,3,10,0,33,9,0,
0,18,5,16,0,13,0,0,29,0,0,0,10,10,0,17,0,150,0,0,1,0,20,0,6,20,12,23,0,0,11,34,4,20,11,4,6,6,0,31,44,0,9,0,0,0,0,2,
0,0,0,0,14,2,6,2,0,6,23,21,13,24,12,12,12,0,0,4,17,4,1,0,18,2,0,0,0,0,8,0,0,0,0,0,0,0,4,0,2,3,1,8,8,0,0,3,
0,17,17,0,5,0,25,37,36,0,0,10,6,10,0,0,15,150,14,0,4,8,14,14,0,0,27,0,0,8,6,0,0,0,9,2,12,16,6,1,0,4,4,25,0,6,0,20,
6,19,22,10,0,0,10,0,0,0,0,0,8,25,0,9,6,4,6,0,9,12,0,11,2,21,0,13,0,0,0,10,24,0,0,0,0,0,4,20,24,6,0,0,0,0,22,6,
2,0,6,0,24,8,0,0,7,12,10,0,20,6,18,0,0,1,2,11,0,17,0,4,0,13,6,0,32,0,12,14,0,0,0,8,0,7,8,0,4,0,0,0,0,4,0,14,
0,0,14,14,0,0,0,4,0,0,0,0,6,0,0,0,0,4,0,8,4,0,0,20,0,0,0,22,4,0,16,0,20,10,0,18,9,0,1,16,0,16,0,3,36,8,0,0,
0,29,0,2,0,41,0,0,2,0,0,0,0,38,0,7,0,0,0,0,6,8,14,0,3,0,14,0,4,0,2,0,8,49,4,15,21,2,0,0,14,26,4,0,2,6,0,0,
0,0,10,0,2,0,22,3,0,0,2,0,0,1,12,20,18,0,0,15,0,2,0,0,34,16,14,0,0,0,21,0,0,18,19,6,0,150,13,0,0,0,0,6,0,10,0,16,
22,4,0,26,8,0,14,13,0,8,12,28,7,3,1,0,0,24,0,0,0,0,0,0,2,0,0,0,28,32,8,0,0,25,0,25,0,20,26,0,0,0,0,12,0,2,29,0,
0,0,0,6,0,0,5,24,0,0,20,8,18,17,0,0,3,18,6,20,17,2,15,20,4,18,14,0,33,10,0,0,0,3,10,7,6,10,0,12,32,2,6,2,8,6,150,20,
0,0,0,150,0,3,0,0,0,0,5,0,0,0,0,0,24,0,0,30,0,14,0,20,10,0,0,0,0,9,0,10,0,23,0,0,12,0,16,7,0,0,0,24,0,8,8,22,
2,0,2,20,0,21,0,0,0,40,10,22,0,6,0,0,1,0,0,0,0,0,0,17,0,16,0,18,14,8,21,0,14,0,0,0,10,1,13,0,0,19,0,0,2,0,0,0,
0,8,0,6,35,1,16,0,0,6,20,0,9,0,0,0,14,0,0,24,26,0,3,0,20,0,0,1,150,0,18,0,0,0,0,0,14,0,0,0,0,0,18,0,0,10,8,0,
0,0,0,0,0,6,0,0,0,5,0,0,0,0,0,20,18,26,0,18,0,0,10,16,0,17,25,6,9,0,0,11,0,6,0,0,0,4,0,3,2,0,12,1,3,0,0,4,
2,17,0,4,0,7,0,21,0,4,2,0,8,5,0,0,12,10,0,0,0,6,4,18,0,4,0,0,4,12,0,0,0,0,0,2,0,0,8,0,5,0,0,0,0,0,0,0,
0,0,8,0,4,0,0,0,0,0,16,18,16,0,18,0,0,0,0,0,1,28,3,4,0,19,6,0,0,0,0,0,0,0,0,0,0,0,2,0,0,0,0,6,14,0,20,8,
0,41,11,0,4,18,0,0,0,0,0,0,0,18,0,0,0,0,15,5,0,0,0,2,0,8,0,0,0,5,0,0,0,0,0,0,0,0,23,0,0,19,0,17,0,0,0,0,
0,0,0,0,0,0,0,0,0,17,0,0,0,0,0,2,0,0,0,0,0,0,0,10,12,0,12,0,7,14,0,0,0,0,0,0,4,18,0,0,2,0,0,0,0,0,0,0,
0,24,0,0,0,0,0,4,0,0,2,0,0,0,0,6,0,0,0,0,2,6,0,0,0,3,0,0,0,0,0,8,4,20,0,4,9,0,18,0,0,0,1,0,0,0,2,0,
0,0,0,0,0,0,4,2,0,19,18,0,16,7,0,0,0,12,0,0,0,0,8,0,10,10,0,0,0,4,0,0,0,0,0,0,0,6,4,2,0,0,0,25,2,15,0,3,
1,0,0,0,0,8,0,0,15,2,0,4,7,22,0,0,4,0,24,0,10,0,0,0,8,0,0,0,0,2,10,16,0,12,0,0,0,0,8,0,0,29,0,0,14,4,1,0,0,0,9,8,0,0,0,0,0,0,0,0,4,0,0,0,0,20,0,8,10,12,2,0,3,0,0,0,0,0,12,0,0,0,1,0,1,0,0,0,0,0,12,0,0,0,5,0,
24,0,0,1,0,0,19,1,12,0,0,0,0,0,2,5,0,0,4,6,0,0,4,0,0,0,0,2,30,0,0,0,6,17,0,0,13,12,0,0,14,27,0,0,6,0,0,0,0,0,0,0,0,0,0,24,0,0,0,0,43,12,29,0,6,10,12,0,0,0,0,4,0,0,0,0,2,0,0,8,16,150,0,0,0,0,0,8,9,24,0,0,0,9,6,2,
9,0,36,0,0,0,2,0,0,0,12,0,21,0,2,0,2,0,0,0,0,0,0,0,2,8,0,0,0,0,0,8,0,0,0,0,0,0,0,10,23,0,0,0,8,4,9,7,0,0,6,0,0,0,0,10,16,0,0,0,8,0,30,0,0,6,0,17,0,0,10,0,0,0,0,4,0,0,0,12,150,0,17,0,0,19,4,0,0,5,0,0,0,3,0,0,
34,0,0,0,0,0,18,0,0,15,9,0,0,10,0,0,0,0,0,6,0,7,0,21,2,0,0,0,0,25,0,0,26,12,4,4,0,0,0,0,0,12,0,0,0,9,0,0,0,0,0,34,0,0,12,0,0,0,12,0,0,8,6,0,10,4,11,26,9,0,0,0,9,0,0,0,0,25,18,0,11,0,0,17,0,0,0,0,0,17,0,0,12,0,5,0,
0,0,0,0,15,0,0,1,6,19,8,0,14,0,0,0,0,6,12,0,0,0,0,12,4,0,0,1,0,0,2,0,16,0,0,13,0,0,0,0,0,0,17,0,0,0,17,0,0,0,0,4,0,0,14,0,0,16,0,0,18,0,0,24,0,0,0,0,0,11,0,14,0,14,7,0,5,0,2,8,0,0,5,20,0,0,8,0,12,14,8,9,0,0,0,0,
0,0,0,5,0,0,2,6,2,0,0,0,0,19,0,3,10,5,0,3,0,14,0,3,0,18,0,0,0,0,0,0,4,0,19,0,0,0,0,21,12,1,4,0,10,0,9,0,0,0,2,14,12,26,18,0,0,0,0,0,0,0,20,0,0,0,4,0,0,0,3,0,0,0,8,0,0,0,0,4,0,0,6,0,0,0,0,0,0,0,5,10,14,10,0,28,
7,0,0,0,18,0,12,0,5,5,3,0,0,12,0,0,7,0,20,0,15,15,3,0,0,12,0,0,0,0,0,22,0,0,9,0,0,2,150,9,0,0,0,0,0,20,0,0,0,0,0,0,0,0,9,27,11,0,6,12,7,0,14,0,4,8,0,2,0,0,0,0,0,18,0,12,18,0,0,20,10,0,3,14,0,44,0,20,0,0,0,0,0,5,0,0,
0,9,0,0,0,0,0,0,8,0,0,0,6,0,0,0,3,6,9,10,0,0,0,7,6,10,0,2,0,0,0,0,0,0,14,0,8,0,11,4,13,0,0,0,0,0,3,9,0,0,0,3,0,0,0,7,22,0,0,0,8,16,20,0,0,0,0,0,0,0,0,0,4,12,0,0,2,0,0,0,13,18,0,2,0,0,3,20,17,8,0,0,14,0,0,0,
0,0,0,0,0,0,6,25,30,20,0,26,0,10,0,13,16,1,0,0,20,0,0,8,0,0,0,8,24,2,0,0,0,0,0,20,0,4,0,23,0,0,0,8,0,17,0,0,0,0,0,5,23,12,3,0,10,0,4,0,1,0,0,0,0,14,0,6,0,26,0,0,0,2,0,0,0,0,0,0,13,0,14,6,0,0,0,0,11,0,9,14,0,3,9,29,
7,0,4,20,0,0,11,20,7,8,0,0,0,0,8,0,0,20,15,0,0,0,12,0,17,6,0,0,0,16,29,0,6,0,0,0,0,10,2,0,0,4,16,0,0,0,0,13,11,0,2,0,15,3,12,0,0,0,20,6,0,0,11,0,0,0,0,17,8,0,8,4,5,0,0,13,0,0,0,0,0,0,0,2,0,0,0,0,9,14,0,0,0,0,0,7,
11,4,24,10,0,0,16,0,0,3,0,0,0,6,0,0,0,0,5,0,0,0,14,2,0,25,13,0,0,12,0,0,0,0,0,0,0,27,2,0,0,0,0,0,21,0,0,0,18,2,0,22,0,18,22,0,2,0,2,0,0,0,0,0,0,2,0,12,0,0,0,0,6,10,0,3,0,26,2,0,10,12,0,0,0,0,0,0,6,0,5,0,0,5,0,11,
0,0,0,11,0,0,0,0,0,14,0,0,0,0,2,0,0,0,3,24,0,17,10,12,0,11,3,9,4,0,8,14,1,1,0,0,0,0,0,0,0,3,0,0,0,18,0,0,0,3,14,0,0,14,0,0,17,0,0,8,0,10,0,2,0,0,0,0,0,0,24,27,0,0,26,0,20,0,1,18,0,29,0,23,0,9,4,3,3,15,4,0,25,1,9,2,
0,0,31,2,10,4,0,0,6,0,0,16,3,15,0,0,1,150,0,0,0,0,0,0,0,5,2,0,0,0,0,0,9,7,0,14,14,22,6,0,0,9,16,25,0,0,16,0,0,1,10,0,0,4,0,10,0,18,16,4,0,8,12,0,16,6,0,0,24,0,6,0,14,0,11,18,0,0,0,0,0,42,4,0,0,1,0,0,12,5,9,5,2,0,0,0,
0,0,0,0,0,0,6,0,0,0,0,0,0,0,2,0,0,0,5,22,6,0,0,0,0,10,0,0,0,4,0,14,0,0,19,2,0,1,16,0,12,11,0,0,0,3,0,0,0,0,0,0,4,15,0,0,0,3,8,11,0,6,4,0,0,0,14,0,10,0,0,17,25,0,14,0,0,22,0,3,22,4,0,0,16,0,6,0,0,0,0,18,0,0,2,6,
0,8,0,6,0,0,3,3,3,0,13,0,0,1,0,0,5,22,3,9,1,9,14,23,4,0,0,0,0,0,2,0,0,0,14,13,0,4,0,0,0,0,0,0,23,25,0,10,7,0,0,0,0,0,0,2,0,7,14,0,0,0,2,0,0,0,18,0,22,0,0,0,0,0,20,0,10,2,0,1,0,0,10,0,3,4,12,6,10,21,12,0,4,20,0,7,
3,0,0,0,0,11,0,0,24,0,8,0,0,0,2,0,0,2,4,6,5,13,6,0,12,13,6,0,0,0,0,0,0,0,10,0,0,1,2,0,4,0,0,11,0,8,0,0,9,0,0,6,5,0,0,0,0,0,0,0,0,0,0,0,1,2,25,3,0,6,5,10,19,0,10,12,0,0,0,0,0,19,0,0,0,0,0,0,4,0,0,25,9,0,10,3,
0,0,0,25,0,2,0,6,0,3,0,0,0,0,0,10,0,0,11,0,3,11,2,0,7,0,0,14,0,0,21,0,0,0,0,0,0,0,0,0,10,24,1,0,0,0,0,5,1,0,0,0,0,13,14,0,5,0,0,0,0,14,4,7,19,4,11,0,0,1,0,12,25,0,0,0,0,0,0,2,0,0,0,0,1,0,0,0,0,0,0,0,14,9,0,0,
10,2,0,0,0,0,10,1,0,0,18,0,0,0,0,0,0,0,3,0,0,0,10,0,5,14,0,0,3,0,4,12,0,8,0,0,0,0,0,0,0,0,14,1,0,0,2,0,0,0,25,0,8,10,0,6,0,0,0,2,6,6,0,12,1,0,14,0,0,0,12,8,0,0,0,0,0,0,2,0,0,8,0,0,0,20,2,0,0,11,1,0,0,0,2,10,
0,0,0,15,3,8,11,7,0,1,0,0,0,0,4,0,0,0,0,23,0,0,9,0,16,18,0,0,0,19,16,2,0,0,0,0,0,16,0,0,6,0,0,11,0,0,10,20,0,0,0,20,14,0,25,0,0,0,0,2,0,0,2,2,2,5,0,0,0,0,0,0,6,11,20,1,8,0,0,0,13,5,1,10,8,1,1,0,3,0,0,1,0,0,0,0,
0,0,0,0,0,1,0,17,0,3,0,0,15,0,0,0,11,0,0,21,0,0,0,0,7,0,0,0,18,0,0,0,0,0,0,20,0,18,0,0,0,0,0,0,7,17,0,4,24,0,0,0,0,0,0,0,0,0,20,4,0,0,4,10,0,10,0,0,0,0,16,12,0,0,7,0,14,0,6,0,0,0,3,0,0,27,1,0,0,1,0,0,0,0,11,4,
0,15,0,26,2,0,25,0,18,0,0,0,0,0,0,15,0,21,0,0,0,0,6,0,0,9,5,150,0,0,0,0,11,0,2,8,0,0,0,2,11,1,0,0,25,4,0,3,0,1,17,17,10,0,0,0,3,150,0,0,0,0,0,5,0,8,0,3,0,8,18,0,20,0,0,0,0,13,0,0,0,3,0,0,0,23,0,3,1,1,30,0,0,0,30,0,
0,0,0,3,0,11,0,0,0,0,5,0,0,6,41,0,0,9,0,0,0,7,0,1,0,4,0,0,9,6,0,5,7,1,20,0,2,8,0,0,15,23,12,4,0,17,34,0,4,14,0,0,0,2,1,8,0,3,0,22,0,11,0,0,0,2,0,9,0,0,0,0,9,17,0,0,0,20,13,0,0,0,24,4,0,24,3,1,0,6,0,5,0,3,9,11,
13,31,10,0,0,3,0,4,44,0,0,26,0,24,3,0,0,9,10,0,24,0,0,0,0,0,3,0,12,4,0,5,0,0,15,2,7,0,6,10,0,33,5,0,6,0,0,0,10,0,0,0,24,0,0,0,0,10,0,0,26,13,28,0,0,6,0,8,0,0,18,22,3,32,0,0,0,8,0,0,0,0,0,0,29,11,0,0,11,0,0,13,0,16,0,3,
4,18,0,0,16,11,0,4,2,0,28,0,0,14,0,0,5,0,7,0,12,11,0,0,0,4,0,0,0,0,28,10,16,0,3,0,0,0,13,0,0,0,0,0,10,0,32,0,12,0,0,17,0,5,18,5,0,0,0,24,4,2,2,7,0,0,6,4,0,0,0,0,5,0,0,0,27,0,28,0,0,11,0,20,0,0,0,0,12,0,19,0,0,4,7,33,
0,8,0,1,150,0,0,4,40,0,0,14,0,7,0,0,0,0,0,0,0,0,0,0,14,0,0,0,18,0,0,0,4,12,1,0,0,26,0,0,26,21,0,4,0,0,0,0,0,1,0,0,0,0,0,0,8,0,2,0,24,0,0,0,0,20,0,0,0,0,1,0,0,0,0,12,8,2,0,0,0,0,23,0,0,0,0,0,8,5,15,24,0,0,0,5,
0,0,5,28,0,0,0,8,12,0,6,0,0,18,10,34,2,24,0,16,1,0,10,0,0,0,14,0,4,1,0,0,0,3,12,6,0,0,0,0,0,9,0,0,0,0,0,2,0,0,5,0,0,0,0,0,4,38,0,0,0,0,2,10,0,30,0,0,16,0,0,0,0,0,0,0,2,0,22,9,0,0,26,0,0,31,10,0,0,12,4,0,0,2,10,17,
9,2,0,4,10,13,0,4,0,0,14,0,0,0,10,4,0,6,0,13,0,0,0,2,0,0,0,0,0,0,34,10,0,10,22,21,0,0,0,44,0,8,4,0,0,0,0,0,16,0,18,0,9,30,7,18,0,1,0,1,0,4,0,0,14,14,18,10,17,0,2,8,2,28,4,0,0,0,0,4,15,5,18,31,0,0,0,0,0,0,8,14,0,0,0,0,
8,2,2,0,0,0,8,0,14,0,11,0,0,0,0,0,20,14,0,0,13,0,10,16,0,0,2,0,0,12,0,13,17,3,8,12,0,19,0,0,22,24,10,8,0,0,13,8,0,0,26,0,9,0,0,0,0,8,0,0,30,0,36,20,0,0,0,0,0,0,0,16,0,0,0,10,0,3,2,0,2,0,0,2,4,0,3,0,0,12,2,0,0,5,0,28,
0,0,24,0,0,14,0,0,12,0,0,20,0,0,0,23,9,21,3,0,0,5,0,0,1,0,2,25,0,11,1,24,2,11,0,36,0,22,0,0,0,0,8,13,16,0,0,0,0,10,0,0,20,9,0,0,26,8,0,0,0,16,0,0,1,0,6,0,0,0,4,8,4,0,12,0,7,1,1,12,21,0,0,0,25,1,14,0,3,0,2,11,12,0,0,0,
0,0,28,1,0,0,0,0,0,0,0,0,2,0,0,0,0,31,0,0,0,6,0,0,0,7,0,1,36,23,0,0,13,0,0,13,6,0,12,0,0,2,0,0,20,0,5,0,12,0,7,0,0,5,0,0,0,11,2,0,0,0,0,0,0,0,0,12,10,0,0,0,0,0,0,1,7,17,0,0,4,20,14,10,0,5,10,0,0,15,0,0,29,26,8,10,
0,10,10,8,12,5,0,0,30,7,25,0,0,19,22,20,0,0,25,21,12,0,0,0,0,0,21,0,0,0,30,0,0,0,0,0,18,25,0,0,2,21,6,0,8,0,0,0,0,0,0,6,0,21,7,12,0,0,32,0,0,10,0,7,43,0,0,0,0,0,0,4,2,0,0,0,0,0,13,0,14,13,0,0,8,0,0,0,12,0,0,0,6,7,0,0,
0,0,14,16,0,8,0,0,0,8,4,6,0,2,0,0,0,0,6,23,4,7,6,0,0,0,6,0,4,6,18,0,2,0,20,8,6,0,0,14,20,0,0,0,0,0,6,0,0,20,0,0,0,2,0,8,1,0,0,0,0,0,0,0,0,0,0,0,0,12,0,4,0,0,0,0,0,0,24,0,20,0,0,0,0,0,2,0,0,0,0,22,0,18,0,0,
0,6,0,0,14,0,10,0,5,30,0,14,1,5,0,150,0,0,0,0,2,0,0,19,8,0,20,0,0,15,0,0,17,0,0,0,0,0,0,0,4,0,0,0,0,12,0,0,0,0,0,0,0,34,0,0,0,0,0,0,5,0,0,12,0,0,10,0,14,0,12,0,0,0,0,0,0,0,0,0,0,18,0,0,0,0,6,0,12,0,2,0,6,0,1,0,
0,0,0,0,14,34,12,0,0,4,0,0,0,0,12,0,0,0,8,0,18,0,0,4,0,0,14,0,0,16,24,0,2,0,0,2,6,0,0,0,44,11,10,0,0,0,0,2,0,0,0,0,19,14,0,0,0,0,18,0,0,0,6,0,0,10,0,0,0,0,16,0,0,0,0,0,0,10,12,14,0,0,0,0,0,0,0,10,0,0,0,0,7,16,0,0,
0,2,0,0,3,0,0,0,0,0,0,0,0,6,8,0,0,0,0,0,12,0,10,12,0,0,0,0,0,0,0,0,0,0,0,0,0,6,0,0,0,30,0,0,0,0,2,4,0,0,0,0,6,6,0,4,2,0,2,0,0,0,10,0,4,28,22,0,16,6,10,14,0,0,0,0,0,0,0,0,12,0,12,0,0,8,18,0,16,0,0,4,2,0,0,0,
0,0,0,0,0,0,0,2,0,0,16,0,0,0,0,0,0,150,0,10,12,0,0,0,0,0,0,0,20,0,0,10,0,0,0,10,2,0,0,24,12,0,0,0,0,0,18,15,0,10,0,0,30,0,0,0,0,0,2,0,0,0,0,26,12,0,0,0,0,0,0,0,0,12,12,2,0,10,0,18,0,32,0,0,0,8,0,12,2,28,0,0,29,0,0,0,
0,0,15,0,0,2,0,0,18,0,0,0,0,6,0,0,0,0,0,0,3,2,8,0,0,16,8,0,0,0,0,0,0,0,0,2,0,0,2,6,0,0,1,18,22,12,0,0,0,150,6,18,0,0,0,20,0,24,0,0,0,18,2,4,0,6,0,14,0,0,0,32,2,0,0,12,1,150,0,0,0,0,10,0,0,0,30,3,18,0,0,2,12,0,0,2,
0,12,0,18,0,150,0,12,0,0,0,2,0,24,0,0,0,0,0,0,0,0,0,0,0,0,0,10,0,0,0,26,0,0,16,0,6,8,0,0,0,0,0,0,0,0,0,0,2,26,6,0,0,0,14,20,0,2,0,0,0,0,10,0,8,0,0,6,14,0,0,0,32,4,0,0,0,4,0,0,0,0,12,2,0,14,8,18,2,0,18,36,3,0,25,0,
0,10,0,0,0,0,20,8,0,2,0,0,0,37,0,14,0,0,0,0,0,0,0,0,0,24,0,12,20,0,0,0,2,0,0,24,0,0,0,14,20,0,2,0,0,0,0,0,25,0,0,0,0,6,0,0,0,2,0,0,0,18,0,0,0,6,0,18,12,0,0,2,0,0,24,4,0,0,0,14,0,4,16,40,18,0,0,2,0,24,2,0,0,0,0,0,
0,4,0,18,0,0,0,16,0,2,0,24,0,16,0,0,8,14,0,0,16,0,0,8,14,8,0,24,0,0,0,34,10,0,0,10,0,8,0,2,0,0,4,8,0,0,10,12,0,0,22,8,20,0,12,0,4,0,0,4,0,0,0,8,0,8,34,13,0,0,0,0,0,8,0,25,0,0,0,0,20,0,12,0,0,14,12,0,2,0,18,0,0,0,150,0,
0,0,0,0,4,0,0,0,9,0,0,10,0,2,0,0,0,8,10,0,42,0,0,26,4,16,0,0,0,0,0,0,0,0,18,0,0,0,0,12,38,36,0,0,8,0,0,0,0,0,0,0,0,0,0,150,0,36,0,150,0,0,14,2,0,0,4,0,10,0,12,0,0,18,0,0,0,26,0,16,0,0,1,30,2,0,43,20,0,4,2,32,0,4,12,0,
0,0,22,150,0,12,0,0,0,4,0,0,10,8,0,0,0,0,0,0,0,10,12,0,0,0,12,0,8,17,0,0,0,0,6,0,6,150,12,0,32,0,8,14,18,0,10,0,0,0,14,0,0,42,0,0,0,0,4,23,16,26,36,14,0,0,0,0,12,0,0,0,0,0,0,8,0,22,13,18,4,0,0,0,0,0,2,0,20,12,29,6,22,0,0,4,
0,8,0,0,0,6,0,26,0,0,0,0,6,0,0,0,24,6,0,0,12,0,0,0,2,0,6,20,0,22,0,0,0,0,0,0,0,0,4,0,8,0,0,0,0,6,0,0,6,0,20,0,0,16,14,0,0,0,14,4,24,0,0,12,6,0,0,0,0,0,0,0,0,0,0,0,8,2,3,0,0,0,0,0,0,11,6,0,12,0,0,0,24,32,0,0,
10,0,0,30,0,0,14,0,0,6,8,30,0,2,0,14,12,0,0,4,14,0,0,0,10,32,22,0,0,32,0,0,0,8,0,0,41,2,0,2,0,24,4,0,4,0,8,0,0,0,40,10,0,8,0,14,0,0,14,12,0,0,0,0,0,0,12,0,0,0,20,0,12,0,8,0,0,0,4,0,0,0,0,11,2,0,0,0,5,0,0,0,0,22,0,0,
2,0,0,0,6,0,0,0,4,0,0,0,0,0,25,0,38,16,0,0,2,0,0,0,0,16,0,0,0,0,0,0,14,12,0,0,8,10,0,0,22,43,0,6,0,0,10,4,0,0,0,0,0,0,0,0,0,0,0,8,0,0,0,22,0,0,0,0,0,0,0,6,0,10,0,0,0,14,32,0,0,0,0,0,6,0,0,0,14,2,0,0,0,26,0,20,
0,0,0,0,6,0,2,0,0,0,24,14,0,2,0,0,0,0,0,2,14,0,0,10,0,12,16,12,0,0,6,0,12,14,0,0,0,0,6,0,0,18,2,2,0,47,0,0,0,8,4,0,8,8,16,2,0,0,0,1,0,0,32,0,0,4,2,0,2,0,0,8,6,0,0,6,0,4,0,14,36,0,0,2,0,34,0,0,0,0,0,2,20,0,0,10,
12,6,14,0,0,8,0,12,0,0,0,4,16,0,0,6,0,0,26,13,0,0,2,0,0,0,0,0,0,16,0,0,14,0,0,0,20,0,0,8,0,0,0,26,0,0,0,0,0,0,0,0,0,1,8,0,0,0,0,0,0,0,0,14,8,0,12,0,22,0,0,18,0,0,0,0,12,0,2,0,0,0,22,22,24,0,0,0,6,4,0,10,22,0,0,0,
4,0,2,0,4,0,0,0,18,8,2,12,4,0,0,15,8,6,0,0,2,0,0,0,28,2,0,0,0,4,18,12,6,0,0,0,0,2,0,12,34,18,0,32,0,0,4,13,0,0,0,4,0,0,20,22,0,0,0,2,0,14,150,0,0,0,0,0,3,13,0,0,0,0,4,18,0,0,0,0,0,0,18,0,0,14,23,12,0,0,16,0,0,0,0,5,
0,0,4,10,0,24,0,0,4,12,2,0,10,0,16,0,6,12,4,0,0,4,6,0,0,4,0,21,28,0,12,0,0,24,0,0,0,0,0,0,0,0,0,34,18,0,4,12,18,0,0,0,0,0,34,0,0,0,18,0,10,18,0,0,10,0,4,0,23,0,24,0,22,16,0,0,4,12,0,10,0,0,0,6,0,4,0,6,22,0,0,0,0,2,0,0,
16,0,4,0,4,20,4,0,28,24,0,0,16,22,4,3,0,20,0,12,0,0,16,0,10,150,14,4,25,0,0,0,0,6,0,0,0,4,0,14,0,0,12,6,14,0,4,30,0,2,0,0,6,14,0,22,0,0,0,20,6,0,0,0,0,0,14,0,0,0,16,8,0,0,0,0,0,6,12,2,0,10,4,16,0,0,12,18,0,0,0,0,40,0,0,2,
0,3,0,0,0,20,0,2,0,0,0,0,6,2,4,0,0,0,11,0,0,0,9,0,3,0,0,20,0,4,0,0,14,28,0,0,0,0,0,12,0,14,0,0,24,0,6,24,0,0,32,150,2,0,8,0,8,49,0,0,0,0,0,0,34,0,14,0,8,0,0,0,0,18,0,0,0,20,0,0,22,34,28,0,12,0,0,0,0,0,0,0,8,30,0,0,
16,16,2,0,0,0,12,10,0,10,9,0,30,14,0,6,4,0,14,20,22,0,0,0,0,0,0,0,12,0,21,16,0,0,0,0,0,0,0,0,24,0,0,4,0,0,0,22,0,0,0,0,42,6,0,10,0,0,14,0,16,0,0,0,22,0,150,0,8,20,12,44,14,0,0,0,0,0,2,0,10,4,12,0,2,0,0,31,0,0,0,0,42,27,10,12,
18,12,0,12,0,4,0,0,0,0,0,0,0,0,0,0,0,44,0,0,0,2,16,0,0,0,8,0,0,6,37,0,0,0,20,24,0,0,0,0,16,2,5,0,0,0,0,12,38,0,0,26,0,0,0,8,0,16,0,0,0,2,6,0,0,6,0,0,0,20,12,0,0,0,0,0,42,0,2,24,0,0,0,12,6,0,12,0,16,0,0,0,0,8,4,0,
15,4,2,0,0,8,0,2,0,4,0,0,0,0,0,0,0,0,14,0,0,16,13,30,20,34,0,22,0,0,0,0,0,0,13,0,0,0,14,0,0,8,0,11,0,0,0,0,6,0,0,6,4,0,16,14,28,0,16,0,0,0,0,6,0,0,0,4,2,0,0,3,0,0,10,0,0,2,0,0,0,0,0,0,150,8,0,0,0,2,0,28,12,0,0,5,
26,0,5,0,4,32,0,3,12,0,18,0,20,4,0,0,2,150,16,6,4,0,0,0,0,6,14,10,0,0,0,6,0,0,10,0,40,0,10,4,4,0,0,22,8,0,0,28,10,0,12,10,0,0,14,0,10,8,2,4,0,36,0,0,0,0,0,6,0,18,0,0,8,8,0,0,10,0,0,25,0,44,0,32,0,8,0,0,0,20,18,38,0,18,14,0,
0,0,0,12,0,0,2,2,0,14,0,8,14,0,0,0,0,0,22,0,10,0,0,6,0,0,0,4,0,18,32,0,0,20,0,0,0,0,0,20,0,0,0,14,0,0,10,0,8,0,4,2,20,12,6,0,0,4,2,0,0,4,0,0,0,40,0,0,0,0,0,0,0,0,0,0,0,20,4,0,0,0,0,0,0,0,0,4,0,0,0,0,4,16,0,14,
36,0,0,0,0,0,0,0,10,0,0,0,6,0,38,35,0,0,20,0,18,0,0,0,10,0,4,0,0,10,14,0,0,0,0,0,0,0,8,0,0,2,0,10,34,4,0,0,16,16,0,20,0,42,4,0,5,0,12,22,28,0,10,0,5,0,22,0,0,20,0,0,0,0,4,4,0,0,30,0,14,0,0,0,0,2,0,5,16,0,0,8,8,22,0,10,
0,0,0,6,0,0,4,0,0,6,0,0,34,12,10,14,0,12,22,10,0,0,12,0,0,12,47,16,6,0,4,0,0,24,0,0,0,0,36,0,0,0,0,0,0,0,0,0,0,26,4,2,6,0,0,10,4,12,0,2,0,0,4,0,0,2,40,0,0,18,16,0,24,0,0,0,0,10,0,14,0,0,0,1,0,8,5,0,10,4,28,28,8,4,32,28,
0,4,4,0,0,0,4,0,20,8,4,0,28,0,0,16,0,36,0,0,0,5,150,0,0,32,8,0,0,16,0,0,34,24,8,10,0,14,10,0,0,10,0,0,0,42,12,2,0,0,0,0,0,0,0,0,8,6,8,0,4,0,0,6,2,2,32,0,2,14,28,0,0,0,0,0,18,18,0,24,4,0,0,4,0,0,0,0,16,26,0,2,0,0,6,5,
16,0,0,18,12,24,0,0,38,0,0,0,14,0,2,28,0,0,0,22,42,6,12,0,2,24,0,0,0,8,0,0,150,0,0,150,2,0,2,20,0,16,0,22,0,16,14,10,2,0,0,6,0,25,0,0,0,14,0,0,0,0,0,24,0,16,8,0,36,28,0,0,10,23,0,0,28,12,0,8,40,0,0,16,19,0,0,8,4,0,0,6,8,4,0,0,
0,0,0,0,10,0,18,0,0,0,0,0,4,2,12,0,18,6,4,20,0,10,15,0,0,0,6,0,0,14,0,0,0,0,18,0,4,29,12,0,18,0,0,0,150,0,0,0,0,0,0,9,0,6,0,0,0,0,0,0,4,0,0,4,2,12,0,6,0,0,18,4,14,0,0,0,6,0,0,8,16,2,4,150,10,0,0,18,20,16,22,26,0,0,0,0,
0,14,0,0,16,0,10,20,4,28,0,2,0,0,0,22,0,0,0,0,0,24,0,0,0,0,0,0,3,1,0,18,0,17,22,8,10,15,10,0,0,10,0,0,18,0,14,0,12,0,0,0,0,3,0,0,10,31,0,0,0,6,0,16,3,0,0,0,0,16,16,0,0,0,12,20,4,0,4,9,0,0,16,3,6,10,0,4,18,5,0,2,150,1,0,6,
0,0,0,0,0,8,0,7,0,0,12,0,4,2,0,0,0,0,0,38,1,0,8,0,0,4,4,0,10,19,9,0,0,4,22,0,0,17,0,0,0,0,16,2,14,18,0,2,25,6,0,0,0,0,0,0,0,0,4,0,0,0,4,10,0,6,0,0,20,0,44,0,2,25,0,0,0,20,0,7,4,0,0,12,0,0,24,8,0,4,0,0,0,0,0,7,
0,0,8,18,0,10,0,26,8,0,20,16,0,32,34,0,8,0,24,0,38,27,0,28,0,0,0,20,0,0,0,8,10,0,0,21,2,150,3,0,12,0,0,6,0,0,0,1,0,45,27,0,0,26,10,14,0,49,17,0,32,30,0,0,0,7,2,27,8,0,10,0,28,4,30,0,150,0,4,0,8,6,4,8,20,3,0,0,0,0,0,5,0,2,2,150,
0,34,40,21,20,0,6,0,19,39,24,49,2,40,0,0,5,8,0,0,10,40,12,7,8,0,18,14,0,44,29,0,28,26,0,4,0,28,0,18,37,19,5,28,6,34,0,26,0,49,0,46,6,22,4,24,42,0,2,24,0,0,7,0,22,0,4,36,20,4,18,26,34,0,0,38,150,14,2,34,6,39,28,0,47,33,19,44,0,0,0,38,40,6,18,11,
0,12,0,0,0,0,36,6,0,22,48,11,31,6,14,36,0,0,19,14,16,0,0,28,10,0,0,10,6,23,0,30,32,1,39,21,8,0,9,150,0,150,0,0,29,41,18,8,0,34,6,10,150,0,14,150,28,30,1,8,18,8,32,6,34,0,30,0,150,22,0,36,0,6,24,18,30,28,0,0,0,25,0,44,0,0,19,0,16,20,0,0,38,0,16,38,
150,35,16,0,8,0,0,5,21,0,10,150,0,6,6,26,26,7,14,17,0,49,29,35,32,0,28,17,29,14,16,150,0,29,21,3,13,9,21,23,14,12,38,27,3,0,14,0,28,14,150,15,49,32,10,22,0,0,0,38,22,37,0,8,14,16,20,4,0,22,0,9,150,24,0,24,150,0,17,26,46,13,26,20,10,24,150,0,8,0,48,9,49,1,0,32,
33,13,0,150,18,34,2,0,0,22,10,150,150,18,4,0,44,0,30,15,4,0,12,38,26,44,0,0,12,28,46,150,35,41,12,10,24,21,27,17,21,25,6,0,0,28,150,38,8,0,44,8,0,150,16,7,6,0,0,7,0,48,0,0,0,30,0,28,22,24,10,0,6,0,27,28,10,0,0,2,18,14,7,0,24,6,49,150,38,150,35,33,0,38,46,20,
15,8,0,0,25,35,5,16,0,18,0,6,40,9,36,150,22,29,40,10,5,8,0,0,12,0,30,22,20,2,26,13,32,0,30,0,2,30,36,14,5,10,0,8,0,26,30,26,150,45,8,31,42,24,8,8,24,20,0,6,10,18,38,22,16,3,26,0,34,30,0,2,24,0,48,0,4,0,0,0,150,1,7,30,44,2,41,12,18,18,42,22,38,3,44,6,
14,0,12,0,2,0,0,3,8,0,14,38,16,6,150,0,14,10,0,0,38,0,2,10,16,6,38,18,26,16,18,16,4,40,15,0,0,0,14,0,0,0,28,29,46,42,32,20,0,4,0,9,28,12,10,22,24,32,38,24,0,0,0,2,49,8,0,0,32,0,34,0,19,6,8,2,16,2,4,33,16,0,0,28,0,18,26,32,38,150,2,44,42,10,19,12,
20,9,6,0,0,0,46,20,9,11,30,14,16,0,2,7,8,24,18,7,0,24,0,150,23,36,2,28,12,8,19,15,1,0,32,40,0,0,4,18,22,16,0,8,2,0,33,16,0,2,36,0,28,34,10,20,0,0,20,4,0,24,0,2,22,20,16,18,14,17,0,22,4,12,26,24,20,14,31,0,6,0,0,16,47,0,9,4,0,0,2,10,49,40,8,0,
0,6,30,44,21,20,0,8,36,38,13,8,4,12,24,8,0,18,44,0,0,0,10,9,48,0,4,0,12,30,0,34,4,10,3,0,0,29,0,20,22,20,46,12,22,18,16,28,29,0,2,8,18,18,1,48,0,10,18,14,39,0,28,2,22,8,38,4,6,6,49,0,44,0,19,30,34,0,0,150,0,9,36,5,0,0,22,49,0,26,21,17,8,2,18,48,
26,22,3,32,45,8,0,46,14,8,14,36,0,0,0,0,40,0,0,1,0,34,0,0,0,11,0,0,22,5,22,8,28,0,0,2,12,17,2,10,16,30,8,31,0,12,10,32,15,34,14,10,0,18,26,38,48,0,0,0,6,28,0,22,7,12,12,4,0,6,19,0,8,0,0,2,0,0,2,2,48,8,10,6,0,38,0,20,29,0,18,34,2,36,10,40,
150,0,0,0,0,6,0,6,2,0,6,18,26,11,0,36,40,15,0,16,0,18,12,150,16,0,3,38,0,15,6,0,4,0,31,9,21,30,0,4,49,20,6,20,14,0,32,0,12,12,8,48,0,2,13,0,14,0,4,6,32,32,0,22,20,0,44,12,0,0,20,24,6,33,0,0,14,0,4,0,16,28,14,0,0,2,35,6,19,16,21,4,0,2,14,28,
0,24,0,0,0,0,36,22,28,0,2,18,24,0,6,39,150,0,6,25,0,20,12,0,150,7,8,16,150,0,0,20,150,17,10,22,12,5,0,16,10,34,0,14,0,0,2,8,0,14,18,0,46,4,0,12,10,0,4,24,0,2,0,0,0,8,12,0,0,18,14,20,46,10,19,0,19,30,0,0,14,18,38,24,26,10,10,27,0,10,12,9,24,46,17,26,
6,8,0,45,0,0,0,8,12,32,8,28,0,12,30,0,4,0,39,0,14,0,30,25,0,0,20,4,0,150,0,18,34,0,28,48,0,46,22,4,6,18,0,0,38,150,28,6,28,12,6,4,7,0,10,0,26,42,26,18,20,0,28,32,16,36,0,0,34,34,0,4,0,2,0,42,20,8,2,0,0,0,10,18,0,14,0,16,0,28,22,8,26,14,12,8,
26,20,34,36,0,16,49,6,10,10,4,1,0,20,12,25,8,34,0,2,14,9,26,36,6,20,0,16,48,28,4,0,16,0,16,150,33,28,16,10,36,25,0,10,48,0,18,49,31,0,3,22,6,28,28,0,9,9,0,4,0,6,21,2,14,4,6,150,5,18,18,12,0,11,6,12,0,0,42,6,0,0,16,0,8,0,4,8,18,19,6,32,6,0,0,34,
26,0,2,12,0,0,0,0,11,0,24,18,8,16,24,16,35,8,0,20,0,22,0,8,14,0,6,45,20,14,0,0,30,13,0,16,2,0,48,6,0,0,0,40,31,40,4,0,7,0,21,11,29,34,23,12,48,33,10,0,6,12,10,12,8,2,20,0,8,0,0,6,4,25,14,22,20,0,0,22,0,0,28,0,20,38,12,24,12,20,9,14,0,10,30,1,
1,25,37,19,0,0,14,18,32,26,30,0,6,16,38,34,0,12,32,14,6,14,22,12,28,24,0,28,0,0,20,13,0,40,0,44,6,10,5,0,4,16,10,11,0,0,22,28,6,36,4,2,48,32,16,18,0,22,36,4,41,4,0,8,22,0,0,13,20,13,8,2,30,26,0,8,14,0,44,12,4,16,0,8,0,2,16,36,32,7,8,8,3,22,4,16,
6,16,24,49,45,16,48,0,21,12,11,36,1,6,150,0,10,12,32,5,13,22,6,10,2,20,21,0,10,2,0,0,26,32,5,10,32,34,8,18,16,48,2,2,15,26,0,49,4,8,22,20,30,16,25,0,1,14,9,0,28,34,10,22,42,2,0,36,24,0,12,16,18,30,0,0,7,0,0,0,18,42,2,21,49,0,16,14,36,0,28,8,0,18,36,0,
0,2,16,7,13,11,12,0,15,24,10,30,26,7,7,24,26,0,0,0,10,0,14,2,49,20,8,8,32,11,39,4,0,10,31,10,23,30,0,18,0,10,27,8,49,16,6,16,0,24,0,20,26,8,0,10,13,11,32,16,0,0,22,8,36,0,3,14,150,0,0,0,0,2,27,2,0,0,20,6,0,0,0,22,22,0,8,0,16,4,34,26,19,16,8,42,
36,0,16,26,4,2,8,18,0,10,2,0,0,16,34,4,6,34,6,0,0,0,6,2,31,26,28,2,38,12,0,4,20,18,38,14,49,18,0,18,10,12,48,0,2,2,48,20,6,0,4,0,6,0,34,10,4,22,7,20,6,0,0,11,0,24,12,2,10,29,0,0,40,11,14,6,0,0,49,0,150,0,10,6,29,6,0,34,0,16,8,0,0,4,18,2,
10,20,0,0,2,32,18,36,0,27,0,44,28,18,11,2,14,10,8,6,10,14,44,10,14,22,10,4,16,8,0,38,6,0,0,16,48,0,0,20,0,0,0,12,18,10,13,14,6,0,8,6,0,18,6,6,10,0,36,2,20,0,24,0,2,0,2,26,46,30,0,32,150,2,6,10,12,19,16,20,16,18,10,8,12,8,32,0,0,0,10,32,12,24,32,20,
2,0,20,32,0,48,2,13,28,24,16,7,38,26,34,10,0,26,30,47,5,36,42,8,24,30,18,12,20,4,12,44,16,24,4,36,3,36,26,8,48,30,0,48,10,18,0,6,28,48,30,10,36,47,27,24,2,0,35,40,32,4,10,0,3,10,8,39,0,2,150,18,4,1,38,32,24,18,0,30,36,3,32,46,18,14,17,16,0,24,20,24,0,6,30,8,
20,10,6,4,34,28,21,34,10,0,0,46,4,0,30,12,0,20,22,48,22,4,30,8,14,24,0,12,4,33,0,7,36,26,18,8,48,26,22,20,6,20,0,8,10,0,2,4,2,36,24,18,36,16,10,30,18,0,28,12,0,32,28,28,14,28,14,6,16,2,10,6,2,24,16,26,0,20,43,16,22,13,16,8,4,0,4,36,5,0,5,0,0,28,28,34,
18,28,6,32,1,22,22,12,45,22,28,0,20,30,18,24,30,2,2,12,38,38,6,41,12,8,0,8,24,32,30,36,34,16,14,16,40,16,20,28,18,22,4,10,44,16,14,40,2,49,22,12,34,22,6,18,42,18,11,28,4,10,0,40,41,2,30,8,0,32,0,0,18,24,26,0,8,28,28,14,10,42,27,0,6,13,14,10,12,0,14,6,4,6,34,0,
6,48,12,0,30,28,46,48,0,32,18,0,4,48,30,8,38,12,0,0,10,2,6,8,0,8,44,36,10,6,24,0,10,2,16,2,45,4,10,14,24,35,40,28,14,6,0,10,40,25,48,16,36,38,30,46,30,48,30,4,16,18,22,20,38,0,26,20,4,37,22,30,30,14,2,4,8,12,6,18,6,1,4,44,36,0,40,8,6,18,0,0,20,26,0,48,
0,28,0,16,16,18,2,0,2,16,0,42,4,26,4,6,18,30,22,20,0,15,24,20,49,4,10,40,10,4,18,10,28,0,32,18,28,28,2,6,12,48,0,0,4,12,8,0,38,12,10,8,13,20,8,0,42,18,19,4,24,10,7,8,10,22,14,36,4,34,10,42,24,0,22,0,24,24,40,6,24,20,10,12,38,2,48,28,24,0,22,26,26,4,32,8,
22,34,44,14,0,21,46,2,2,40,47,24,10,24,40,18,20,4,40,0,44,30,16,6,8,0,20,14,4,40,14,10,24,36,16,0,16,18,2,48,26,36,8,6,28,22,2,20,8,32,14,0,30,20,30,6,14,0,48,12,46,20,28,18,44,16,32,16,30,16,35,0,44,36,14,14,26,0,8,18,10,4,12,8,28,10,36,26,8,24,16,32,14,48,30,0,
20,32,0,2,12,40,12,14,8,42,24,48,20,8,18,30,20,10,11,10,26,44,8,13,0,38,8,30,24,42,26,6,40,14,2,10,4,6,39,28,10,24,8,0,48,10,8,48,0,0,34,16,40,48,22,15,20,6,17,22,46,14,30,40,26,40,22,14,4,6,16,10,6,4,16,48,0,32,4,14,26,0,4,12,10,2,6,18,20,8,9,38,4,16,6,2,
0,37,13,12,2,4,16,48,6,42,48,12,30,14,2,16,24,42,24,40,29,26,43,44,18,26,8,6,42,28,32,16,26,6,25,21,8,24,4,0,4,44,34,6,19,14,48,0,11,36,6,26,0,40,16,2,40,16,2,4,20,8,39,30,34,21,42,24,13,10,14,4,4,8,37,32,4,4,1,6,22,28,38,2,6,12,48,12,14,38,28,2,30,27,5,19,
10,42,1,6,32,41,26,10,0,0,0,36,16,10,14,0,28,8,12,4,24,36,46,22,10,8,22,32,2,22,48,30,40,6,22,10,16,9,6,14,10,34,6,6,28,46,16,38,10,18,14,15,44,14,48,19,20,10,19,0,6,27,19,25,28,26,29,6,18,35,43,40,40,14,4,16,28,6,2,6,6,16,29,40,6,0,34,2,26,20,15,6,28,13,42,4,
28,36,32,10,28,6,42,48,4,6,22,2,36,43,0,32,11,6,29,25,26,10,12,14,16,10,46,0,7,42,18,34,36,30,12,17,15,10,4,12,38,36,18,10,25,20,0,4,38,28,28,19,32,10,48,20,48,11,11,14,35,28,0,34,22,14,24,41,0,42,16,43,4,48,2,22,28,2,22,20,34,12,4,32,24,24,2,16,8,34,9,49,0,36,16,12,
12,18,14,22,16,22,13,20,6,21,36,30,12,4,20,36,22,4,40,34,11,39,0,12,24,16,32,5,36,4,26,0,36,26,24,6,17,12,27,4,20,10,31,6,30,30,49,39,24,4,48,40,0,21,39,6,34,34,2,31,26,28,34,22,14,21,38,4,18,32,14,13,40,40,12,2,18,6,20,38,30,44,12,6,22,0,24,34,32,22,42,26,48,22,12,48,
0,2,12,18,12,38,40,42,34,26,16,18,6,42,25,26,48,4,8,0,14,22,9,28,14,16,36,6,2,4,34,16,0,24,14,10,35,3,15,30,18,0,26,22,10,13,29,26,6,12,11,4,32,32,11,24,14,41,2,39,17,6,28,16,44,34,12,18,21,46,34,16,38,30,6,30,49,0,14,16,40,22,12,8,3,32,8,23,0,18,10,0,36,21,6,39,
36,16,39,8,7,17,22,28,2,8,30,14,0,8,26,2,18,6,22,14,9,43,39,7,16,48,8,3,20,10,0,40,36,36,24,42,4,33,28,48,0,16,12,39,0,15,44,25,28,48,10,24,48,24,40,8,31,18,18,12,16,11,0,3,29,8,37,20,12,3,23,36,28,1,20,17,42,27,3,16,39,10,4,23,8,18,16,10,12,36,8,28,17,2,16,16,
18,22,16,45,14,26,31,24,20,1,38,10,22,22,4,6,40,22,44,32,36,31,49,12,6,20,2,48,48,46,8,24,12,7,34,44,34,2,0,17,2,0,32,2,46,25,18,30,28,4,30,4,38,0,11,48,46,22,36,8,47,18,32,10,18,40,21,10,42,42,24,38,6,46,30,8,4,15,6,36,16,6,16,14,18,14,41,2,21,44,34,29,4,6,7,16,
7,12,3,22,0,2,41,24,6,4,24,24,20,15,2,45,43,11,2,40,6,24,23,34,42,16,9,6,4,48,46,22,18,14,2,15,2,23,16,8,31,0,27,22,12,38,4,18,36,44,42,20,4,29,46,18,10,16,48,34,11,48,19,24,29,46,4,4,6,2,37,18,12,27,13,34,5,23,30,5,44,19,2,20,4,22,35,4,4,4,26,49,36,44,42,34,
6,25,40,39,16,0,24,150,4,1,16,44,8,18,46,10,14,4,34,6,0,32,23,48,1,10,42,0,35,1,2,8,24,14,42,4,31,16,17,19,26,1,26,20,4,40,31,32,8,4,0,28,2,2,4,14,48,3,37,9,42,47,7,18,0,14,1,5,30,22,40,18,40,33,3,8,20,22,12,20,8,26,38,48,44,28,0,13,33,26,24,28,3,5,5,22,
8,14,10,26,24,20,39,0,28,40,39,42,20,9,15,22,0,12,0,22,26,6,48,5,4,12,34,34,6,24,19,30,6,43,38,12,33,36,2,32,34,23,2,12,16,14,10,2,3,18,4,27,12,12,24,10,2,18,38,26,22,33,21,26,16,49,12,44,42,36,8,38,2,49,17,26,24,14,8,0,49,37,28,37,8,24,0,23,15,25,20,18,32,14,22,48,
16,46,13,18,38,4,0,3,20,0,18,22,12,32,150,41,24,24,24,16,39,48,35,39,14,0,48,44,42,0,17,42,17,6,16,20,6,15,1,6,0,13,32,2,42,2,40,4,11,0,25,16,14,22,42,12,8,9,42,14,27,33,10,2,18,5,14,28,30,10,26,37,4,1,9,12,9,18,26,13,31,38,34,22,30,31,20,38,20,33,15,46,39,46,43,18,
32,18,14,12,40,20,38,10,4,26,14,8,49,27,14,22,9,48,2,0,32,42,16,27,21,40,9,41,25,1,24,38,3,45,10,49,10,44,6,22,33,34,10,6,23,48,0,1,28,12,30,31,12,29,8,6,8,2,39,18,7,32,10,2,3,2,4,22,19,49,6,49,0,3,46,16,26,0,8,13,4,28,16,14,32,0,42,25,29,6,33,9,11,0,32,38,
6,46,46,4,17,1,29,41,14,4,31,13,33,2,3,17,35,4,24,0,27,36,44,33,22,1,33,15,40,14,14,14,30,18,10,42,0,0,18,17,0,48,32,0,22,20,30,22,32,2,34,15,12,38,28,18,26,32,14,2,12,34,5,40,34,13,5,20,8,8,4,28,33,12,22,10,26,24,23,28,12,10,3,2,14,16,21,0,0,34,14,17,21,18,8,34,
17,8,32,32,48,34,38,9,12,34,39,12,48,2,3,6,35,24,32,10,46,14,11,46,32,12,7,6,18,6,24,0,25,26,10,12,6,38,2,0,9,15,8,46,32,28,6,19,30,0,32,4,20,44,12,28,1,6,32,0,18,10,38,18,14,4,0,18,2,8,32,16,16,19,11,0,0,36,3,2,34,13,30,16,4,20,6,15,34,47,24,0,12,8,24,10,
41,16,21,49,8,2,16,26,21,18,2,10,34,11,19,17,10,16,22,10,44,28,18,48,33,24,27,14,14,21,9,34,26,37,19,26,6,19,34,16,14,30,30,0,30,26,7,14,0,24,17,24,26,26,26,29,46,14,34,48,14,24,16,46,28,13,48,19,36,17,12,2,30,48,7,32,0,13,49,30,30,2,18,32,28,18,30,34,46,40,16,6,48,0,0,15,
42,12,16,24,33,11,6,0,8,43,25,10,19,11,26,4,4,27,14,12,9,6,18,2,26,39,22,6,44,46,0,2,0,16,30,42,42,10,20,36,35,22,22,0,48,20,13,2,12,2,0,30,12,48,19,38,16,24,9,12,22,14,26,15,38,0,21,6,22,19,2,22,32,0,26,38,6,26,10,4,3,15,9,14,16,21,48,28,36,16,31,8,10,20,0,13,
6,48,44,6,46,14,31,18,10,12,6,49,12,24,22,22,31,42,10,0,2,26,25,48,18,24,34,38,20,5,6,15,8,17,6,34,31,48,28,48,40,10,0,32,36,0,35,7,6,0,48,44,16,0,42,30,6,44,2,5,18,12,48,4,15,28,6,0,17,16,16,36,4,2,24,35,6,30,10,43,10,40,28,48,4,10,7,10,1,14,1,46,2,36,48,36,
0,40,4,25,18,20,5,20,150,12,8,34,28,12,36,20,41,18,16,29,28,13,26,12,26,10,12,20,34,0,34,30,49,14,6,30,4,30,14,47,13,1,34,28,8,30,43,33,32,26,0,41,8,18,24,6,28,46,41,44,6,0,18,8,0,41,21,0,14,8,0,24,10,3,14,2,14,38,37,44,2,49,16,29,8,16,7,18,28,32,13,14,15,2,17,24,
30,48,46,0,5,34,6,49,30,4,25,4,5,33,47,2,29,31,10,2,6,23,8,29,12,36,30,6,0,4,20,32,6,5,6,0,22,44,28,4,14,0,34,6,18,34,0,24,0,4,17,14,3,28,2,44,31,28,18,12,42,10,32,4,0,37,0,15,5,4,30,1,48,26,1,27,16,0,8,24,38,48,29,4,18,30,14,17,43,6,13,28,24,26,28,28,
41,36,46,20,26,6,22,49,0,2,46,39,5,30,30,2,0,32,38,18,16,2,18,0,45,42,29,2,34,33,45,44,4,0,0,16,49,2,0,24,24,25,11,25,31,29,12,30,34,0,32,24,26,34,16,0,0,42,35,32,49,1,8,48,32,49,31,32,6,16,23,36,28,19,25,36,3,24,27,20,0,0,26,10,18,49,7,32,0,12,46,44,12,30,15,2,
17,41,26,42,8,27,0,27,0,42,0,11,26,6,36,42,0,1,7,31,49,28,8,31,5,0,43,1,10,0,16,48,21,27,14,22,23,38,0,8,27,32,37,1,19,31,15,2,41,31,16,0,27,18,9,8,8,15,28,16,33,2,0,48,16,16,4,12,38,13,28,6,30,18,12,11,34,0,0,20,49,9,30,0,20,49,22,25,46,14,41,12,21,14,38,3,
20,28,24,9,4,6,44,20,3,13,1,26,0,49,34,48,40,36,46,26,2,49,16,18,42,4,35,9,39,28,0,19,14,17,11,15,0,26,0,6,3,0,9,39,28,30,18,45,1,8,30,24,12,26,29,8,19,12,42,18,1,28,22,34,48,7,29,0,40,27,8,12,6,22,0,14,28,30,22,9,44,20,2,26,47,6,39,41,28,27,29,3,11,32,37,30,
4,10,20,10,34,28,8,28,12,23,4,8,0,41,0,18,12,22,0,33,30,1,43,16,150,2,7,22,22,30,43,6,4,21,38,31,24,7,28,32,2,4,17,18,21,38,16,25,24,16,17,12,33,26,18,4,13,24,14,10,38,6,13,22,8,26,6,6,26,18,8,10,14,36,24,32,42,27,36,22,20,41,4,35,34,15,0,29,2,24,24,31,26,25,28,28,
2,7,22,16,1,8,28,14,18,19,25,4,25,4,24,35,18,30,29,17,11,10,39,30,18,34,20,18,40,4,18,32,8,11,14,46,12,13,34,8,0,48,24,42,21,47,12,44,21,10,0,0,26,0,0,4,35,24,8,13,39,2,12,1,29,25,32,0,36,25,20,43,16,0,8,6,10,24,35,36,0,16,30,30,42,30,17,17,28,30,10,24,1,15,48,12,
14,37,34,19,13,24,20,19,9,24,20,150,4,28,8,22,150,10,48,14,0,10,0,48,0,12,21,16,24,18,0,16,40,29,20,35,31,0,14,48,27,17,27,36,40,27,5,41,22,4,9,36,10,26,24,47,30,29,7,18,8,14,0,37,15,34,21,3,38,12,0,5,0,30,0,42,44,8,16,2,34,10,14,3,7,21,150,43,4,0,39,4,22,26,14,14,
14,2,18,29,16,18,30,0,14,20,150,16,22,20,4,48,33,0,16,30,6,13,38,2,15,6,41,42,46,20,39,37,26,6,24,0,45,23,2,30,2,8,26,150,42,20,20,15,18,12,42,38,4,24,45,4,4,27,6,11,12,4,37,5,21,0,39,28,24,29,44,26,38,33,39,6,37,16,4,13,32,27,38,44,8,4,5,2,9,32,11,21,42,11,2,4,
26,3,28,49,27,30,45,32,18,25,7,34,18,4,27,12,0,34,41,16,0,7,25,14,8,5,45,49,30,23,25,20,12,4,36,1,28,6,36,40,0,0,19,1,36,9,33,9,5,29,18,20,37,5,24,4,10,4,37,35,17,28,10,7,18,13,6,9,34,8,18,32,13,30,19,29,41,21,0,33,44,34,20,3,28,14,18,4,32,6,9,2,29,7,42,2,
31,30,41,24,4,6,32,0,29,25,6,12,27,49,23,16,13,34,7,16,28,36,19,44,42,4,20,1,21,16,30,12,37,14,38,0,2,41,18,20,1,40,12,29,23,14,0,0,37,13,25,36,3,6,28,16,0,18,32,12,26,29,34,8,14,9,7,3,22,32,12,4,13,16,35,6,20,12,20,44,0,18,33,34,0,29,4,0,35,30,10,8,27,5,0,6,
20,32,7,150,42,46,2,18,5,26,39,16,15,29,20,17,48,25,7,40,8,38,14,14,14,6,0,49,49,24,48,17,23,31,19,0,10,27,24,23,28,4,0,36,23,14,2,0,23,18,16,26,150,43,16,10,21,43,32,32,16,30,49,17,48,3,1,0,0,28,22,20,38,0,25,4,12,10,16,30,28,16,0,21,16,0,26,29,26,0,6,34,36,0,25,0,
26,14,4,23,18,43,20,40,49,27,0,0,27,28,13,1,19,26,30,36,25,43,42,14,11,14,31,11,0,10,24,22,33,0,2,20,44,4,5,18,6,9,20,0,33,19,17,22,45,27,14,12,28,26,16,8,10,35,16,0,11,29,36,22,4,20,1,45,0,14,21,16,10,17,39,29,4,32,35,43,8,23,26,3,38,46,20,29,20,9,15,30,10,0,9,4,
8,29,0,0,16,37,25,20,0,34,6,13,41,17,6,26,2,12,30,4,8,37,26,25,42,11,30,28,21,18,23,10,28,14,21,0,2,28,8,19,13,41,12,15,20,11,12,0,16,6,40,25,4,0,13,22,5,10,12,12,13,14,23,38,16,4,22,13,30,30,41,30,24,49,27,30,18,19,38,22,19,0,49,10,27,25,13,0,30,19,26,20,15,20,4,14,
0,10,22,5,14,3,22,1,15,28,11,24,21,38,4,31,2,0,23,30,0,9,24,18,4,32,30,3,42,10,8,12,7,24,46,19,33,17,34,48,6,12,0,39,19,4,7,27,35,26,12,2,26,10,14,15,10,15,30,26,8,25,2,0,22,21,11,47,37,26,8,10,6,6,30,21,24,4,30,16,0,32,0,11,22,2,27,12,14,19,22,14,41,11,11,32,
38,20,28,15,36,6,6,14,2,42,11,43,44,18,4,4,32,4,2,8,35,43,5,30,14,20,3,37,6,23,34,45,21,12,0,12,32,0,28,14,16,27,7,14,29,9,5,1,3,2,13,26,42,14,20,5,27,13,34,0,10,11,33,35,24,15,22,33,10,38,23,35,16,0,28,36,4,27,10,9,23,38,0,44,3,8,40,31,8,25,14,28,6,14,3,2,
25,23,36,36,34,24,7,39,6,32,46,18,15,30,31,31,30,3,9,32,9,34,40,10,6,38,3,4,45,47,6,2,24,38,23,20,7,12,4,2,28,21,30,0,32,40,38,0,0,22,32,34,16,2,6,2,34,49,20,25,44,27,33,40,48,28,32,6,27,0,8,2,10,0,23,29,26,14,0,13,14,39,18,13,40,4,0,28,3,6,14,9,26,18,17,3,
11,2,2,26,22,2,26,32,0,3,44,19,40,8,22,29,13,18,28,14,31,6,0,8,38,21,47,4,26,23,5,20,17,24,1,29,2,12,0,26,46,22,20,34,15,20,40,39,0,2,42,7,0,26,18,12,2,36,4,22,4,31,8,33,6,31,14,30,27,28,8,150,27,22,10,30,40,34,0,5,30,14,28,37,44,38,0,10,22,36,22,20,28,42,18,21,
33,20,0,9,24,32,31,0,28,22,22,12,0,0,1,0,0,14,2,20,9,0,2,10,4,20,2,18,0,8,25,0,31,2,8,1,10,37,4,8,2,13,7,8,13,0,10,4,28,18,20,26,36,8,42,44,12,12,0,37,12,7,38,7,0,6,28,28,24,28,30,8,33,8,25,17,22,26,49,32,22,8,42,0,2,0,2,36,0,49,10,12,29,3,17,13,
16,0,24,13,0,18,24,4,0,3,31,14,6,15,34,34,35,34,0,23,24,23,0,0,41,42,45,21,5,4,16,6,13,10,26,33,38,9,20,4,7,7,18,10,11,35,11,42,6,21,29,12,0,18,42,26,24,32,16,20,31,22,13,11,8,28,0,0,25,1,0,34,48,15,16,10,0,13,28,10,5,41,16,9,10,4,32,32,33,23,0,34,22,1,22,8,
14,26,49,30,20,0,6,3,23,2,14,26,14,16,33,24,0,26,20,0,28,13,9,32,0,4,13,28,20,27,13,6,0,0,23,13,0,0,24,1,15,12,26,0,0,20,2,16,10,36,12,17,0,34,36,25,25,34,12,12,8,18,0,39,29,13,10,20,23,12,12,20,29,0,10,26,4,32,8,27,0,8,34,0,32,49,6,34,12,32,27,14,3,0,25,0,
6,36,0,2,49,4,0,5,5,22,10,4,18,35,0,17,22,0,34,12,12,8,30,10,34,12,38,38,16,2,6,25,10,4,33,21,28,2,28,30,22,1,14,6,20,18,31,3,0,33,25,4,0,28,4,10,13,3,12,6,20,37,18,16,14,2,28,1,42,16,10,10,12,28,12,25,6,2,2,3,3,29,42,12,10,30,4,9,2,2,11,48,28,8,6,14,
38,24,19,13,9,8,31,35,34,0,26,6,37,0,33,31,32,0,7,0,30,0,4,0,9,32,39,0,9,1,9,25,0,8,40,37,11,13,10,11,47,2,11,21,31,11,29,23,7,12,18,10,33,33,1,7,12,2,8,24,15,27,27,36,32,24,22,34,0,6,18,4,24,2,9,21,0,4,2,49,17,11,8,20,0,0,21,22,37,12,20,40,31,11,37,11,
8,30,16,34,2,0,30,4,34,6,8,26,14,44,49,10,24,8,7,4,22,46,16,0,33,26,18,20,12,12,33,21,30,13,10,28,14,150,10,30,16,28,20,33,43,11,31,42,7,0,8,11,14,33,26,35,19,26,11,27,28,8,14,0,7,8,30,24,2,16,44,28,17,18,3,3,6,16,9,14,16,25,17,18,9,27,38,36,34,31,4,15,31,21,31,0,
15,27,24,13,24,4,6,42,15,34,16,12,0,30,0,8,20,36,11,43,24,32,24,35,26,20,40,23,12,0,16,12,4,3,12,150,27,24,0,4,8,17,43,33,8,20,20,0,20,1,6,0,13,8,28,2,12,13,8,20,22,32,2,20,0,25,6,0,16,0,34,34,4,1,44,0,9,49,29,14,14,6,47,5,24,20,0,14,18,24,6,8,17,0,10,9,
0,12,4,0,18,22,16,0,12,8,31,15,43,19,1,0,0,0,21,0,0,12,25,26,25,26,28,0,12,10,0,25,9,46,8,23,4,20,1,0,0,22,0,39,30,25,46,0,0,24,0,49,20,18,36,4,42,28,8,0,0,19,15,25,8,16,14,32,42,26,10,11,0,0,14,12,27,23,5,0,0,24,6,10,30,20,32,0,11,8,16,4,31,25,0,18,
14,6,0,6,41,16,26,5,14,25,8,24,12,22,22,0,6,22,26,20,29,0,49,2,25,16,16,0,30,40,0,40,24,0,0,41,30,21,11,19,22,6,8,47,0,0,22,16,0,27,41,30,5,41,4,5,0,48,12,22,3,0,15,39,28,8,31,11,2,18,38,16,5,12,27,28,2,40,16,0,6,27,12,1,43,40,39,16,0,42,18,32,35,17,2,6,
7,5,16,3,4,48,48,2,49,38,18,12,14,6,7,10,18,10,5,2,6,39,150,150,8,19,49,48,4,3,4,48,5,49,7,30,20,7,7,10,150,12,6,2,150,18,48,6,48,14,6,14,48,48,10,12,5,10,5,14,11,8,10,3,48,4,5,48,27,8,11,3,3,49,4,12,3,15,27,2,8,7,9,6,3,49,1,49,14,24,20,3,41,48,49,49,
49,15,18,3,3,4,48,48,49,6,6,4,11,26,27,2,49,16,18,27,14,48,48,48,26,40,5,2,48,26,46,150,48,3,5,2,6,15,2,4,150,150,3,49,12,2,49,2,48,4,27,4,2,10,6,48,48,30,6,48,10,4,5,8,28,20,3,6,14,150,48,6,3,4,6,14,48,6,7,26,6,16,16,150,150,8,5,6,6,5,12,7,2,27,6,8,
14,32,13,3,12,8,27,27,48,6,4,9,4,5,4,49,31,13,8,30,2,6,5,10,11,48,7,48,12,150,150,3,5,49,4,2,2,6,6,5,5,48,15,2,8,3,8,48,3,11,8,49,49,5,3,14,7,6,3,14,27,12,3,12,22,42,5,10,28,7,27,3,150,22,150,2,21,49,2,48,3,49,33,3,6,16,9,28,2,48,32,3,7,2,5,2,
4,48,46,7,7,9,5,8,48,8,32,5,6,49,8,30,29,14,2,2,48,7,3,5,27,7,9,3,3,6,49,27,9,6,6,31,4,27,3,14,19,10,3,48,5,48,9,13,8,3,10,13,8,9,4,3,8,10,29,48,3,39,48,4,11,19,48,49,34,4,27,4,48,150,27,49,28,11,2,4,10,12,7,14,8,4,6,28,3,5,48,11,6,20,2,12,
11,3,5,7,11,6,48,6,7,27,27,12,6,150,38,48,3,26,36,49,4,4,26,10,33,7,10,49,2,13,42,150,9,6,9,10,150,4,19,49,48,15,6,10,5,6,48,3,150,2,6,6,7,6,8,4,8,15,10,4,44,18,26,19,49,11,42,7,5,8,3,6,27,8,10,26,27,30,2,13,9,48,10,19,6,48,5,6,10,49,27,12,4,2,48,10,
27,5,28,27,5,12,150,6,4,7,7,18,9,34,48,6,26,3,150,12,49,7,8,2,150,3,9,49,27,6,9,48,6,26,2,8,6,13,10,10,5,4,4,49,7,5,29,36,150,2,7,26,9,12,2,6,6,13,4,2,10,8,5,7,4,5,49,4,49,9,10,9,27,3,3,27,20,3,7,5,10,48,6,150,3,150,27,16,3,49,7,49,150,9,35,10,
7,5,3,24,10,28,7,23,2,6,26,4,5,4,5,5,2,3,4,6,3,150,7,34,4,4,3,48,3,2,150,27,49,4,16,12,8,5,6,4,48,4,27,3,150,48,27,11,9,16,4,5,3,21,26,49,5,27,12,49,7,7,8,22,33,6,7,48,3,4,4,5,7,3,7,10,6,150,18,2,6,28,48,2,150,7,6,27,26,4,9,6,2,150,9,150,
6,5,23,26,7,3,6,3,5,2,3,48,48,5,5,14,6,150,150,3,5,26,4,150,41,49,8,12,17,4,29,14,8,2,10,2,9,2,3,2,150,3,27,7,11,150,5,2,3,6,49,2,7,12,10,2,6,19,26,11,2,3,2,26,49,6,3,2,2,6,31,4,6,40,5,7,5,9,2,23,4,5,8,9,9,12,48,4,6,14,26,150,5,9,4,150,
150,4,150,4,7,7,6,48,6,9,7,6,5,7,4,4,2,5,3,48,3,3,5,2,3,9,30,4,5,11,3,48,150,8,8,4,4,4,9,4,7,8,4,12,48,15,5,18,7,150,6,5,18,48,14,12,10,150,4,150,8,4,32,8,7,6,8,3,28,3,9,24,3,5,48,6,48,9,12,49,18,7,2,3,3,5,10,7,3,5,4,4,48,4,4,27,
26,5,5,5,10,8,12,13,23,5,15,10,7,48,5,5,7,150,12,4,9,2,4,4,5,150,5,48,16,5,8,5,150,150,150,24,49,150,5,4,150,150,48,6,9,8,4,49,7,6,20,10,33,5,17,17,4,150,8,150,3,5,150,10,5,17,7,6,48,12,48,3,5,21,8,11,4,3,5,150,3,3,49,48,4,150,3,25,16,150,48,6,48,14,9,4,
5,150,48,5,150,150,10,5,12,14,8,48,48,23,5,9,150,150,48,9,7,5,5,150,49,7,18,5,38,150,150,3,7,6,5,6,6,28,150,150,11,48,48,5,25,7,6,49,150,8,48,48,7,30,26,150,150,48,4,5,6,9,4,6,3,48,4,48,8,48,46,3,5,48,4,5,7,5,3,48,5,48,150,150,4,16,49,7,48,3,28,11,24,5,4,6,
26,8,20,150,10,150,7,3,8,7,48,22,3,7,3,150,150,7,7,4,7,6,150,5,7,5,6,6,3,13,150,6,5,9,5,4,5,3,7,7,7,150,6,6,150,9,4,6,6,3,7,48,4,6,4,6,5,48,48,8,2,10,3,150,4,48,4,7,48,5,48,4,9,48,8,6,9,7,5,4,25,48,2,3,7,12,8,6,6,5,8,5,10,6,4,22,
13,11,48,10,48,4,150,5,4,5,7,3,9,3,24,150,150,9,6,8,38,4,4,8,12,14,3,5,8,6,4,4,48,5,7,150,150,4,7,8,48,4,150,3,27,6,48,13,5,4,3,6,48,23,2,5,5,4,4,5,4,2,5,8,7,7,48,6,5,4,10,4,7,5,7,48,5,6,8,7,6,7,7,7,32,8,5,5,7,5,6,4,48,48,2,4,
4,18,28,4,150,8,8,10,4,150,38,9,150,20,150,48,15,48,4,5,10,13,9,8,9,24,48,29,5,48,9,4,150,8,4,26,2,5,48,48,18,6,15,13,150,4,150,48,8,6,48,3,4,9,2,3,150,5,5,8,14,5,6,5,3,4,150,15,5,3,4,48,8,48,22,48,48,48,48,7,3,22,16,48,26,8,9,48,15,10,48,5,6,6,3,8,
48,4,10,3,2,48,2,3,29,3,4,2,10,3,5,4,150,13,150,38,6,8,3,7,49,150,11,4,10,2,8,3,150,23,6,8,7,3,150,16,5,9,3,4,150,5,150,26,48,9,8,6,48,4,6,4,4,4,10,2,7,150,9,3,5,48,15,6,3,6,3,6,12,5,10,4,13,6,48,3,18,4,48,7,5,13,5,150,12,5,48,10,6,36,5,5,
7,48,8,7,12,8,8,27,6,48,7,6,7,12,21,48,8,3,48,3,5,4,6,3,3,8,6,6,10,8,4,7,7,4,6,150,28,4,7,48,7,8,8,15,3,6,48,18,48,6,48,4,3,48,2,5,4,4,5,4,3,18,8,5,15,7,13,34,6,48,48,48,8,7,4,7,150,6,7,8,150,6,11,14,150,29,6,4,5,48,11,8,2,5,8,3,
48,150,4,5,5,48,11,24,6,9,3,48,34,5,7,8,6,3,34,6,3,8,4,7,4,10,24,150,3,3,6,5,6,5,4,3,150,8,8,48,11,12,10,6,11,48,4,8,10,3,12,150,48,13,7,8,6,48,6,6,8,5,4,3,48,5,48,4,10,48,7,48,13,48,48,8,150,3,12,150,9,44,7,3,3,3,8,7,3,7,49,10,6,5,3,150,
5,150,20,16,12,4,48,6,5,10,3,12,3,34,7,4,3,17,12,4,48,6,7,150,8,48,6,6,5,10,7,3,7,4,8,48,6,6,18,8,4,48,3,7,22,4,28,6,8,48,5,6,48,8,48,2,6,3,26,7,18,3,5,7,48,48,4,8,18,6,6,8,8,11,8,4,48,7,48,11,48,3,4,4,7,4,48,5,7,9,4,10,7,9,150,12,
9,4,48,34,7,48,10,8,7,48,3,48,5,2,6,3,11,3,8,5,17,11,150,48,48,6,48,5,48,44,7,8,7,15,6,6,14,42,5,8,6,150,9,10,5,48,2,3,44,48,5,48,48,14,6,48,9,7,150,20,24,4,48,48,36,7,3,48,49,5,3,4,12,8,48,49,4,20,4,7,36,6,40,48,150,28,5,150,26,5,5,7,11,150,6,5,
150,48,9,4,3,49,7,42,10,11,48,8,5,8,48,5,3,2,48,2,3,3,11,7,9,6,3,6,7,11,48,8,6,8,10,3,4,7,6,15,7,3,7,24,5,26,48,40,10,48,28,6,11,4,2,8,48,48,3,4,10,5,2,7,2,48,44,27,5,6,48,3,29,10,5,10,48,150,6,7,30,5,17,10,8,49,5,5,48,48,42,48,48,6,48,48,
7,5,12,6,48,6,4,150,8,7,12,4,17,4,3,26,8,8,4,5,10,48,8,5,150,3,22,48,28,6,8,4,48,12,7,150,4,12,29,8,2,3,4,3,5,3,7,7,3,3,2,2,3,7,26,4,8,4,3,4,6,3,48,4,8,6,2,49,7,4,48,4,8,21,2,3,9,150,5,17,5,48,7,3,38,8,48,6,7,8,48,3,3,3,4,5,
11,9,6,8,3,3,6,3,4,6,5,9,8,48,8,3,4,47,3,5,9,4,6,5,8,4,2,5,3,5,7,30,4,8,2,19,12,4,48,3,2,3,8,6,8,10,3,19,6,14,7,7,11,4,150,4,10,48,2,48,6,48,3,3,8,4,5,5,3,7,4,6,4,6,14,3,48,3,7,4,48,8,7,4,6,12,3,4,4,6,3,10,3,8,3,6,
3,150,8,4,11,3,5,3,4,2,9,10,3,7,6,2,7,6,8,4,4,5,3,8,49,11,14,3,5,5,12,3,3,4,6,5,3,7,2,4,13,6,7,9,5,9,9,12,4,3,6,49,4,6,5,3,8,10,5,2,3,4,5,48,3,8,6,5,5,10,8,10,9,5,4,10,3,2,48,8,14,8,49,5,2,3,2,10,17,3,6,7,5,3,4,4,
4,6,4,4,5,7,4,2,8,5,3,4,3,8,9,20,4,6,3,49,20,8,3,4,7,3,4,3,5,22,3,4,4,4,5,10,8,6,4,3,3,8,3,3,5,9,4,3,3,4,4,14,3,9,8,3,5,4,4,14,4,8,5,10,7,10,3,4,3,3,7,2,3,3,3,3,4,4,4,8,3,5,8,13,4,11,2,4,8,3,4,3,4,8,5,4,
3,2,6,12,6,26,8,2,20,4,5,5,9,10,3,49,24,4,14,3,4,3,4,4,7,4,4,2,4,49,4,2,2,3,4,4,4,9,4,3,4,4,4,3,4,12,3,5,6,150,5,4,7,8,6,7,7,2,12,4,3,5,3,7,8,2,18,5,20,9,7,3,3,4,8,8,3,12,4,3,4,2,4,5,8,4,3,3,2,4,8,4,5,10,3,5,
4,4,4,8,5,2,4,4,10,4,3,12,2,11,4,28,5,3,7,2,9,2,7,5,9,10,27,7,4,4,7,9,4,6,4,9,2,7,3,8,9,5,4,3,10,5,9,8,15,8,8,3,8,27,6,4,9,6,13,4,5,5,6,3,4,7,25,6,9,7,6,3,5,9,7,3,26,3,8,8,13,4,5,4,9,9,9,7,6,5,4,29,4,3,5,10,
5,6,5,5,4,6,7,4,7,3,8,3,3,4,3,3,11,3,9,5,3,5,3,5,10,4,2,3,4,5,4,3,7,9,4,6,4,2,4,6,5,2,6,6,13,8,3,4,13,2,2,6,4,7,7,7,27,22,2,4,11,9,3,2,5,9,10,5,11,3,3,6,7,4,7,10,8,6,3,2,5,3,6,10,4,13,3,2,16,3,8,5,27,4,7,3,
3,3,8,5,18,3,3,4,3,7,4,9,10,5,8,7,3,3,9,4,4,6,5,8,5,3,6,9,3,4,3,6,5,5,3,5,3,5,5,4,15,8,4,5,7,7,3,5,6,5,4,9,6,8,2,3,5,3,5,6,4,3,2,8,6,9,6,5,27,28,14,4,7,27,3,9,5,5,2,17,2,12,5,2,3,8,3,6,9,3,4,3,3,12,6,9,
7,2,3,4,2,5,18,4,6,5,4,6,5,13,5,3,3,8,33,3,3,4,7,8,11,4,2,4,6,6,9,4,6,4,3,3,27,10,6,4,5,6,5,4,8,11,4,3,9,5,16,21,5,12,5,6,8,5,7,7,5,5,3,6,9,3,5,5,6,9,3,6,7,3,17,2,5,6,2,2,5,13,3,5,3,8,6,12,16,3,5,5,3,10,3,8,
8,6,5,6,7,7,5,6,14,3,4,27,11,5,5,5,8,5,4,4,13,4,6,5,3,7,9,3,3,7,5,14,5,12,9,7,13,5,4,4,8,3,5,5,4,2,4,2,4,5,2,3,5,5,7,3,26,2,4,3,5,21,5,6,5,3,5,7,6,16,8,48,6,11,4,5,6,22,3,14,7,5,6,2,2,4,2,10,3,5,5,5,4,5,7,5,
26,5,4,3,7,5,5,7,8,7,6,22,9,11,5,2,7,5,4,4,4,42,3,49,4,2,7,5,2,4,5,6,11,11,14,4,6,6,19,5,5,6,2,9,4,2,7,5,7,5,14,4,5,12,3,14,11,13,9,2,3,3,3,9,4,2,4,3,26,27,6,2,4,5,48,3,10,8,3,4,16,6,11,27,5,3,9,2,6,5,6,5,3,6,7,20,
2,4,6,2,2,4,2,3,4,14,8,6,6,12,8,13,6,10,15,14,3,2,4,5,26,44,3,6,4,5,6,3,3,9,9,18,4,3,5,3,8,5,150,7,3,12,7,8,2,27,5,5,4,3,8,4,5,11,3,6,5,3,6,12,8,3,3,9,5,10,5,4,6,3,4,2,10,6,14,9,7,14,8,2,3,5,8,16,6,4,4,2,11,27,3,8,
4,6,11,6,4,22,27,3,16,3,2,3,5,4,7,4,10,7,3,2,6,5,28,3,16,6,3,28,4,6,10,5,9,3,12,2,5,6,6,3,13,3,6,8,5,3,18,2,5,5,7,3,5,4,14,6,3,9,7,13,7,10,3,8,8,2,17,5,8,7,2,4,17,6,48,6,5,6,10,5,9,8,4,27,4,15,4,3,12,5,48,6,4,3,6,2,
8,11,9,5,11,2,23,8,3,4,2,7,5,2,25,3,4,2,18,3,4,9,19,3,7,6,2,9,48,15,7,28,7,3,3,6,2,5,2,5,3,6,23,7,5,4,15,7,10,5,9,3,10,4,5,11,5,10,4,3,4,3,12,3,7,5,3,4,4,4,9,2,5,29,14,4,6,31,16,17,3,6,5,7,6,7,5,3,3,8,6,10,4,7,5,6,
2,3,6,6,3,5,7,7,3,9,5,2,10,6,13,29,7,6,7,4,3,6,8,4,4,5,5,4,7,7,7,6,5,7,5,3,4,47,4,7,6,4,10,5,8,19,6,8,3,6,6,27,3,13,8,8,6,2,3,2,3,2,12,7,4,150,3,4,5,7,9,5,3,3,26,9,8,22,3,4,8,2,7,9,48,5,3,5,9,9,4,6,7,3,3,4,
6,11,9,9,9,20,48,5,6,5,10,3,4,2,9,26,5,4,26,5,15,3,4,3,28,5,9,7,2,10,6,16,7,5,5,6,13,9,6,3,8,10,5,6,2,8,11,6,6,3,4,6,7,4,10,5,5,2,24,4,8,8,2,4,5,5,5,2,27,7,10,11,2,13,5,6,6,3,9,6,4,5,6,9,5,4,3,7,7,13,3,26,8,6,6,5,
4,6,6,5,11,5,29,6,3,3,2,7,4,8,3,6,32,7,4,4,5,29,7,27,2,2,150,4,4,4,4,5,8,4,12,16,8,5,2,25,11,6,3,9,26,16,10,6,6,2,4,4,4,4,3,4,5,3,30,5,6,4,6,3,19,8,8,4,3,3,11,10,2,3,3,25,26,2,4,7,6,13,4,2,3,4,14,8,19,4,8,12,9,11,8,6,
30,3,9,5,15,5,26,6,17,6,6,7,14,9,13,29,9,8,6,6,4,7,3,27,4,6,3,35,22,32,30,3,27,3,25,19,4,26,5,4,7,4,8,5,11,7,5,6,4,2,5,3,3,5,5,6,3,8,6,5,10,27,12,7,5,38,4,7,4,5,4,4,5,8,26,3,7,150,3,5,11,2,28,11,5,5,6,32,9,5,5,2,5,32,5,9,
11,2,6,3,27,10,150,7,11,19,6,26,4,19,3,3,18,28,6,31,3,14,6,5,3,5,5,30,49,10,9,8,4,10,26,15,32,6,7,6,5,39,4,2,49,31,9,4,7,6,9,24,5,5,8,3,20,9,3,10,6,7,5,2,5,6,10,2,5,5,13,29,2,4,5,5,5,6,27,2,6,5,28,2,9,14,3,7,32,4,3,10,5,5,4,31,
7,8,12,5,11,5,3,17,5,3,2,7,3,7,6,26,3,6,3,49,4,5,2,13,5,4,17,17,2,28,18,4,13,5,2,3,6,7,8,2,2,4,3,27,7,7,33,48,2,3,7,6,9,14,31,2,30,28,4,7,7,8,6,3,19,38,9,7,3,3,3,19,3,2,22,11,5,10,6,3,10,31,8,6,2,11,13,4,5,8,8,6,27,31,17,4,
2,3,8,3,8,2,2,3,5,19,49,10,4,4,38,3,4,8,5,2,3,2,8,3,8,26,7,31,4,4,9,8,3,17,4,27,5,11,2,7,3,3,5,16,17,2,17,4,3,2,4,10,2,8,7,3,5,7,3,2,7,2,31,5,6,2,3,4,16,5,8,4,7,20,2,15,4,4,3,49,2,4,7,2,2,2,5,3,2,5,3,6,10,5,12,27,
5,2,14,2,7,2,5,10,2,7,8,3,5,3,13,9,4,2,25,3,8,7,2,2,2,7,6,3,2,2,16,2,11,2,3,4,2,7,6,8,5,4,6,7,15,4,2,8,3,5,6,15,4,4,3,4,10,9,9,4,2,6,7,10,4,6,8,8,3,15,7,5,49,8,8,2,5,6,10,7,2,2,9,8,6,2,27,8,2,9,4,11,3,10,5,2,
7,3,150,5,4,2,2,2,2,8,6,3,10,4,3,6,8,2,2,5,5,3,10,7,11,3,3,4,9,6,5,2,2,6,2,8,6,5,3,5,2,2,2,16,3,9,6,5,3,8,5,6,7,7,2,6,11,5,11,3,5,21,2,5,8,5,2,4,11,6,4,3,5,2,5,20,3,8,28,3,10,7,5,4,7,6,27,2,13,3,5,9,5,7,3,14,
18,2,5,26,8,2,2,6,23,14,2,5,2,5,2,26,3,26,16,4,2,2,3,17,6,26,26,26,22,6,8,3,9,4,31,3,15,4,7,5,26,9,14,5,5,8,30,9,2,26,4,20,2,3,3,2,2,6,28,4,13,22,26,10,48,5,24,8,30,5,3,7,3,5,5,2,3,22,2,11,6,5,3,2,5,4,33,4,2,24,4,2,21,9,7,23,
4,26,9,2,4,20,10,7,4,2,5,26,5,4,2,2,9,4,2,3,4,5,3,5,2,8,4,4,18,4,8,3,30,5,2,5,7,3,10,2,10,3,9,13,1,9,26,9,150,2,2,30,3,5,3,2,2,3,5,4,3,10,16,26,26,3,20,4,12,2,11,26,6,7,2,13,5,15,17,26,12,4,2,3,2,3,5,8,2,19,7,2,2,3,26,3,
2,13,2,26,5,2,26,26,2,9,26,2,16,5,4,2,4,23,26,2,2,2,7,6,4,2,2,2,2,10,2,4,10,15,4,4,7,2,30,4,5,4,17,3,6,11,4,4,20,9,2,3,11,2,2,5,3,15,12,26,4,6,4,4,11,4,26,3,21,8,4,26,2,5,8,2,4,6,3,3,15,7,11,6,12,18,21,26,5,20,17,3,26,18,2,3,
18,4,26,8,16,8,9,7,4,3,4,17,2,9,26,9,13,4,17,26,21,26,5,6,6,29,4,2,9,27,8,3,11,2,4,4,6,3,10,12,2,5,4,5,5,6,3,26,2,28,4,4,22,6,17,26,4,2,4,26,6,3,26,7,21,3,5,2,3,4,3,20,7,15,6,24,2,7,14,2,4,10,2,7,3,3,10,4,18,4,27,2,4,7,5,10,
2,7,5,27,24,5,26,3,26,10,11,4,2,26,6,8,3,16,3,41,4,4,6,10,5,4,6,6,12,3,4,15,22,26,2,6,27,26,3,28,10,3,7,4,2,4,4,2,2,2,2,11,6,3,4,7,26,5,5,2,18,6,2,10,3,3,14,2,26,26,26,4,12,5,3,6,6,2,2,26,4,28,3,3,2,5,27,12,10,4,6,4,2,8,5,4,
2,4,3,4,13,8,4,27,3,15,5,20,4,5,15,41,3,2,2,10,10,2,2,4,3,2,4,2,14,23,7,18,8,2,14,20,4,26,6,3,3,11,6,5,18,26,6,4,2,8,2,22,6,3,4,26,4,2,8,6,26,2,4,26,2,4,26,6,41,4,2,5,16,6,8,6,26,3,4,24,26,3,12,9,6,4,5,4,6,2,2,23,6,9,26,26,
8,12,5,26,4,26,2,18,4,4,6,4,11,5,4,4,2,26,27,28,4,2,3,2,26,8,5,4,3,3,26,5,15,6,4,3,4,4,46,8,2,3,2,5,3,12,2,18,2,24,21,3,6,5,3,9,7,7,2,4,26,2,4,5,2,7,2,26,3,8,2,16,14,5,28,26,3,9,3,26,5,3,10,3,6,3,20,2,49,3,4,3,2,3,12,26,
3,5,2,3,2,2,8,27,2,13,3,22,4,2,2,4,22,4,8,16,11,27,3,4,3,3,3,15,4,6,5,2,18,3,26,11,28,4,4,2,5,2,14,2,3,3,2,11,5,9,2,3,10,3,3,3,7,3,26,3,26,2,17,2,8,3,26,24,18,27,4,5,4,6,2,4,2,6,4,13,2,4,3,5,2,11,6,8,2,4,3,20,12,4,8,4,
4,2,3,2,29,3,3,2,12,2,2,8,27,5,3,9,5,17,3,18,7,27,8,27,4,4,11,27,4,11,2,16,3,2,22,3,14,3,10,4,2,26,3,28,26,4,2,4,26,5,3,3,10,3,2,16,3,2,5,25,3,5,2,28,4,16,3,3,17,18,6,10,150,4,5,8,2,16,2,3,2,26,12,3,28,2,4,7,3,5,27,3,4,4,3,5,
26,26,3,6,6,2,2,26,3,26,26,4,6,4,18,26,150,26,3,26,4,16,4,2,27,3,6,5,26,5,29,13,27,26,4,2,3,13,2,4,26,5,5,2,3,16,4,4,10,30,26,16,7,13,8,3,2,15,3,4,8,27,4,3,49,7,3,8,26,2,27,23,9,3,8,27,3,28,3,4,26,4,4,5,8,23,2,4,3,3,9,14,3,150,28,28,
7,9,5,3,3,26,4,16,26,27,18,150,3,3,4,5,3,4,9,4,6,26,150,46,2,3,4,2,3,5,29,3,28,18,3,4,8,26,3,27,4,9,3,2,10,3,3,27,3,3,27,5,4,3,4,5,15,10,3,3,5,29,26,26,3,6,5,10,3,25,2,4,26,6,3,24,3,6,4,8,6,11,4,4,24,3,2,3,5,2,2,20,10,150,7,27,
2,49,4,17,9,6,21,3,13,10,3,27,3,8,2,3,26,9,29,28,9,5,27,10,3,5,24,150,7,2,9,25,2,3,5,11,26,27,2,4,9,26,9,10,3,10,26,2,2,4,27,3,3,15,5,27,150,28,27,15,2,4,15,4,3,7,2,3,26,3,26,3,2,27,10,9,6,26,2,7,26,28,4,26,28,3,4,26,10,5,34,4,26,6,3,4,
2,6,6,26,2,5,2,9,34,7,7,5,26,20,27,5,8,26,2,22,5,4,8,9,5,2,7,27,13,2,26,4,2,2,5,10,2,10,20,6,27,5,6,2,3,26,27,26,26,26,10,5,13,21,29,6,14,26,2,3,18,18,3,27,26,12,2,26,28,2,12,2,28,18,6,12,3,27,7,12,26,3,3,26,27,4,4,3,3,9,2,3,3,26,150,8,
3,14,4,3,8,15,2,27,26,3,3,3,26,27,8,26,6,26,9,9,6,2,5,7,2,3,27,7,3,5,11,6,8,3,6,27,19,22,26,26,11,5,3,3,10,17,12,8,27,3,5,20,26,10,11,11,3,4,4,4,26,9,4,12,3,20,4,2,12,2,6,8,16,26,27,3,3,5,18,3,4,3,26,5,8,5,4,4,150,16,2,2,26,40,4,26,
3,30,10,8,4,26,4,5,8,3,20,26,27,4,3,150,3,2,26,20,8,4,3,14,3,5,8,26,2,30,27,2,3,4,3,4,6,5,27,2,26,5,27,27,27,12,4,4,2,5,27,3,3,4,4,26,26,3,7,7,3,27,20,5,3,3,3,13,27,5,12,4,6,2,2,5,10,2,2,4,28,11,5,10,11,5,9,3,5,2,4,5,11,5,3,4,
2,11,4,2,8,6,3,27,3,2,2,18,11,2,2,4,5,2,10,2,2,4,2,8,27,2,4,4,5,12,27,2,4,5,3,27,5,21,27,4,5,2,13,14,2,4,2,3,2,3,6,2,3,19,16,8,20,16,14,5,16,2,7,3,9,3,27,28,3,2,27,2,4,3,12,4,6,2,2,4,3,3,4,26,3,3,2,3,3,3,150,12,27,10,24,2,
10,4,12,6,39,48,14,13,4,13,3,16,14,4,14,16,3,3,11,2,7,13,3,5,23,26,4,9,3,2,26,25,9,27,8,3,27,27,2,10,18,14,27,24,26,12,4,32,2,16,12,12,7,26,4,6,37,5,8,3,2,3,49,2,3,14,2,2,2,30,4,30,5,3,2,5,2,3,5,11,49,42,27,3,48,10,12,3,2,3,2,20,12,3,3,5,
13,6,8,4,10,3,4,3,3,2,30,3,6,2,3,3,21,19,6,5,7,2,4,150,3,27,15,7,3,11,49,5,2,25,6,3,9,8,8,4,12,2,10,6,26,2,2,32,5,12,150,17,5,4,9,2,3,2,3,20,2,4,5,26,2,20,2,2,3,2,14,2,3,3,8,4,3,5,26,3,5,27,2,3,19,2,2,3,12,3,14,4,4,4,14,26,
4,2,49,2,6,26,13,2,28,6,3,11,3,12,27,2,28,11,2,26,3,2,27,27,6,2,30,2,3,2,27,2,4,9,5,3,4,2,6,4,3,15,4,24,2,11,4,2,3,4,2,2,4,3,6,27,4,2,26,3,48,2,27,5,3,32,10,7,5,8,2,26,3,2,2,2,4,4,2,2,5,10,3,5,3,2,4,2,2,3,32,3,6,3,26,3,
2,2,26,3,3,2,3,6,2,4,24,3,3,2,4,4,27,3,2,6,26,2,2,4,27,2,26,6,3,2,8,4,27,3,14,2,9,3,2,30,4,3,3,31,3,3,6,3,29,2,49,3,27,9,49,12,4,27,2,8,2,26,4,28,3,2,2,26,8,28,2,2,3,27,4,4,10,49,3,34,3,5,4,6,2,3,3,2,31,5,4,2,2,2,3,2,
3,3,3,27,4,5,27,3,4,6,26,3,3,26,5,27,2,2,3,27,27,26,4,3,4,13,2,3,26,2,27,3,16,26,3,28,2,4,4,2,27,2,4,2,3,2,2,3,3,3,28,3,2,26,2,14,3,5,2,8,5,3,28,5,2,2,27,3,2,2,21,26,2,27,27,27,3,6,3,4,3,2,3,4,16,2,4,27,2,9,3,30,3,3,2,3,
5,3,3,5,2,27,27,3,3,27,5,4,4,27,2,26,2,3,2,5,2,3,3,4,4,3,3,3,2,4,3,2,2,4,4,4,4,4,4,3,2,5,5,6,2,13,4,2,3,4,8,5,5,27,4,2,2,2,3,30,2,8,2,2,4,9,24,3,4,26,4,2,4,4,6,3,4,2,2,4,26,2,2,3,3,3,4,2,3,2,2,3,3,3,4,3,
2,2,2,5,5,3,2,3,27,4,4,3,2,4,3,2,2,2,4,3,3,2,4,27,26,4,11,4,2,27,3,4,3,3,3,3,2,2,3,4,2,6,5,4,3,2,3,3,4,4,4,3,2,3,2,4,5,4,2,12,27,5,9,2,3,4,2,26,3,3,17,3,3,8,2,3,4,3,4,3,8,2,2,2,3,3,26,3,5,3,4,30,2,3,4,5,
4,4,3,4,3,3,15,3,5,2,4,4,5,2,7,3,4,4,4,4,9,4,3,4,3,4,2,2,27,10,3,3,4,27,26,33,26,3,3,4,4,2,4,2,3,2,5,3,3,2,4,3,4,6,3,4,3,3,3,3,4,4,2,3,2,4,2,5,3,4,3,2,3,3,5,4,4,3,3,2,2,2,2,7,3,2,9,2,3,3,2,4,4,6,27,27,
3,27,4,4,7,2,9,4,2,27,2,3,4,2,3,4,3,13,4,3,4,3,4,3,5,3,3,2,4,4,5,27,11,3,4,26,26,4,7,4,5,26,3,3,4,4,3,4,7,2,2,5,3,5,3,3,3,3,3,2,2,5,5,3,6,2,3,5,27,4,3,3,4,27,4,4,3,4,3,6,5,6,3,5,2,7,4,27,4,4,2,26,3,3,3,3,
4,6,3,11,3,5,3,3,5,7,5,27,3,12,8,3,5,6,4,3,10,4,4,4,4,3,4,16,5,4,4,5,5,5,3,6,6,4,29,5,4,3,7,2,3,4,6,27,4,4,4,3,26,4,4,4,3,9,8,2,3,4,2,3,6,3,6,4,3,4,5,4,4,3,6,3,4,3,5,4,26,4,27,3,3,5,5,4,4,3,3,3,4,26,2,26,
13,6,3,3,4,6,4,5,26,26,4,5,4,2,5,4,8,3,4,4,4,3,4,27,5,5,5,4,6,5,7,6,4,7,4,4,12,27,4,4,3,7,26,5,5,4,6,3,4,4,5,4,4,4,3,4,5,3,6,4,7,4,4,5,3,3,4,6,9,4,5,26,7,4,3,4,3,2,5,4,27,3,3,5,5,4,4,7,3,4,4,4,4,5,4,18,
5,4,3,5,10,4,7,3,4,3,7,2,4,5,3,3,3,7,3,5,4,2,27,4,28,6,3,27,14,5,5,3,27,2,27,6,27,4,7,4,4,3,4,4,5,4,4,9,4,5,5,5,3,3,3,24,4,4,3,27,4,4,3,6,4,4,5,6,3,3,5,4,3,4,6,3,4,5,26,5,7,7,5,8,3,2,3,3,27,4,4,4,6,3,26,12,
4,3,28,7,5,4,30,5,4,4,7,3,5,4,9,40,2,5,6,4,3,3,12,27,6,6,3,4,3,4,4,4,5,5,2,5,3,7,13,4,6,29,4,3,4,11,4,4,4,3,27,4,3,4,5,12,12,3,3,2,4,3,9,4,6,4,4,3,5,5,5,3,27,5,4,6,3,6,5,10,3,9,28,18,7,8,4,8,7,27,27,4,8,4,5,3,
4,5,9,6,4,5,10,4,4,2,5,2,4,8,27,31,5,5,4,27,9,27,3,6,6,27,4,8,3,27,3,2,4,27,4,27,28,6,5,5,2,4,4,3,3,27,3,27,3,5,4,9,17,150,3,4,5,5,27,3,6,5,5,3,3,4,8,4,4,3,4,5,28,6,4,7,5,4,6,3,5,28,3,3,4,5,19,11,11,3,4,3,3,8,4,5,
3,4,3,4,3,3,27,27,10,27,6,4,2,5,5,5,4,6,3,2,6,4,3,6,3,11,39,8,5,4,28,4,2,26,8,3,9,28,6,7,23,5,4,30,13,2,4,6,9,4,6,5,5,4,5,3,4,3,3,5,3,5,5,11,14,5,5,28,150,4,6,4,5,26,5,5,7,6,5,5,5,27,2,17,28,4,2,3,3,4,3,5,9,27,28,5,
16,6,6,6,23,2,3,3,28,5,4,6,2,28,4,3,4,8,4,7,5,4,28,6,4,6,3,7,5,4,4,2,3,2,3,3,2,4,5,3,5,3,4,28,3,3,6,2,4,4,2,5,27,5,24,4,4,27,3,2,5,4,3,27,5,3,2,3,3,5,2,3,19,31,2,6,3,6,13,6,3,27,5,2,5,5,27,4,10,5,25,27,28,6,5,8,
28,2,32,4,5,28,5,4,5,28,5,5,28,5,6,24,2,27,4,3,27,4,2,15,10,3,8,3,17,5,3,3,5,27,5,4,3,5,8,4,3,5,2,33,3,3,4,6,4,3,3,8,8,29,5,30,7,3,2,3,4,3,2,2,4,10,6,4,3,3,3,27,4,6,4,27,6,7,28,5,29,4,27,5,7,27,4,2,5,5,49,7,4,5,10,4,
7,28,5,13,7,30,3,29,27,5,3,3,2,24,3,4,5,9,3,3,3,49,3,3,2,5,5,8,7,4,2,5,2,4,9,6,11,6,4,29,4,28,3,4,6,26,3,3,4,5,3,5,4,15,27,3,39,5,6,3,5,26,3,27,4,6,3,6,5,5,3,2,5,9,4,11,27,3,3,6,3,27,4,32,4,10,4,4,30,3,3,5,3,29,30,5,
4,4,4,3,2,4,150,28,4,5,3,27,3,4,2,5,5,2,16,4,3,12,24,2,3,10,28,4,16,4,4,2,6,5,4,4,4,27,4,6,28,5,4,28,7,2,4,3,6,3,9,4,3,3,3,8,6,2,3,48,8,5,3,7,3,4,26,3,4,22,3,2,30,28,24,3,27,3,11,5,2,5,2,3,2,4,3,3,17,10,4,5,5,4,28,2,
4,4,11,4,2,6,6,8,4,2,15,3,2,27,4,4,2,7,3,3,3,3,3,3,3,11,3,6,32,4,3,27,4,6,6,6,4,3,27,5,4,5,5,4,3,2,3,2,2,6,3,5,6,3,2,4,3,3,3,28,3,3,4,3,3,26,4,6,4,27,6,3,3,6,5,3,4,4,3,4,3,16,2,4,3,4,12,2,4,19,8,4,27,2,3,4,
3,4,29,3,22,3,3,8,2,3,2,3,2,3,27,8,30,4,3,27,4,3,2,3,4,26,3,3,15,3,4,3,27,3,4,3,7,29,2,4,4,4,4,3,31,6,3,28,3,5,4,8,4,3,2,8,9,3,3,4,11,2,5,4,7,2,5,6,3,2,8,5,5,3,6,4,3,4,3,4,4,3,3,22,2,3,2,3,3,2,4,4,8,6,28,5,
3,3,4,26,5,4,2,4,3,4,2,26,5,6,7,22,3,3,2,3,3,49,3,11,9,10,3,2,2,2,3,4,3,3,4,4,3,4,3,2,5,3,3,3,2,2,3,3,3,18,4,3,5,2,3,3,6,5,3,3,7,3,4,2,27,3,6,3,2,2,13,8,6,4,22,3,3,2,3,27,5,5,3,4,4,4,4,8,5,4,2,3,7,4,2,3,
4,4,3,4,5,3,2,3,2,4,6,2,3,3,2,3,3,3,2,3,2,5,4,2,9,3,3,3,3,3,2,2,3,2,27,10,4,3,29,5,6,4,2,4,2,6,5,4,3,3,7,3,5,4,4,2,4,2,4,5,4,4,5,3,3,3,3,2,27,3,3,4,2,3,2,3,2,2,3,3,6,3,2,5,4,3,5,7,2,26,4,3,5,4,5,2,
2,4,2,4,3,3,3,2,4,3,2,3,3,2,10,5,2,3,2,2,8,5,3,2,4,5,3,3,5,4,2,7,3,3,27,4,7,2,3,4,2,2,4,27,3,3,2,28,3,4,4,5,4,6,3,2,2,2,4,27,3,2,3,5,4,4,3,2,4,3,3,3,6,27,6,5,7,4,4,5,3,9,3,4,4,5,3,27,4,5,5,2,2,2,2,4,
27,2,4,3,2,2,5,3,3,2,4,7,4,4,3,2,6,5,5,2,7,2,3,3,4,3,4,3,3,2,4,3,3,4,4,4,6,3,4,4,2,2,5,3,2,2,3,2,5,5,27,2,5,6,4,4,2,9,3,2,4,3,26,25,2,3,2,2,28,2,27,6,3,4,4,3,5,2,3,5,3,28,4,4,6,3,9,3,3,2,3,5,2,28,2,11,
4,4,2,4,3,2,9,25,3,5,5,4,4,4,3,3,2,2,3,5,2,2,5,3,3,4,4,3,2,4,5,3,5,7,7,4,3,3,3,8,2,5,4,27,4,2,5,4,7,11,4,3,3,4,4,10,5,2,4,3,3,4,4,2,5,4,4,6,4,2,4,4,13,2,28,11,2,6,4,9,2,2,3,4,5,3,19,4,4,3,2,3,6,5,9,3,
27,7,2,2,3,4,2,3,4,3,2,4,7,7,27,2,3,3,16,4,3,2,6,2,2,3,5,2,4,5,3,3,2,4,5,5,2,2,2,5,2,25,2,3,3,3,2,4,3,3,3,3,2,2,2,3,6,7,3,4,3,4,2,5,2,28,4,4,3,3,27,3,3,15,4,6,11,2,3,7,2,3,2,3,2,11,3,3,3,3,4,3,4,3,10,5,
3,29,3,2,3,5,2,5,3,2,2,6,4,3,2,3,4,2,4,6,4,2,3,3,4,6,3,3,2,28,2,6,11,2,7,2,6,6,3,2,3,8,2,27,3,3,2,3,6,6,27,2,4,2,3,2,3,2,2,3,5,2,3,2,2,5,8,8,2,2,2,2,3,4,2,3,3,4,3,5,3,4,3,5,5,2,27,3,3,3,3,2,2,2,3,11,
2,3,2,3,3,2,4,2,2,3,3,3,5,4,4,3,2,8,5,3,3,10,3,2,3,3,3,4,3,2,2,4,3,2,2,3,3,4,3,29,2,3,3,27,2,28,28,3,3,3,3,3,2,3,3,2,27,4,3,11,4,3,6,2,2,3,4,28,3,2,3,3,3,10,3,2,3,4,3,3,3,11,3,4,11,2,2,2,2,27,2,3,28,2,3,6,
3,2,26,3,5,9,2,2,2,5,3,3,3,2,3,2,3,3,2,3,3,5,2,3,8,2,2,3,4,3,28,2,2,14,3,2,4,3,3,28,4,2,28,26,4,2,3,4,5,3,2,20,3,3,3,5,3,27,4,3,27,3,2,3,2,3,6,2,2,2,2,2,8,3,2,3,4,3,3,27,4,2,11,3,2,3,3,2,3,2,3,2,3,2,2,3,
3,4,2,2,2,2,4,3,4,3,2,2,3,2,2,2,2,3,28,3,3,2,26,3,4,2,3,3,2,3,2,2,2,19,3,4,2,2,3,4,2,7,2,4,3,2,2,3,2,6,3,3,2,3,2,5,3,3,6,3,3,3,2,28,3,3,2,3,4,3,3,4,3,3,2,2,4,3,2,3,2,3,3,5,3,3,3,8,3,27,3,2,12,29,2,3,
2,2,2,3,12,2,3,3,3,4,3,2,3,2,3,28,5,3,4,3,4,2,12,3,2,10,2,3,4,3,2,3,2,3,5,27,2,2,26,2,2,2,2,2,27,3,13,3,2,3,3,3,3,3,4,6,3,2,4,3,3,4,2,3,3,3,2,3,4,3,4,3,4,3,2,4,3,3,2,3,3,2,2,4,3,3,3,28,2,2,3,4,2,3,3,3,
2,3,3,3,6,26,2,3,2,5,6,4,3,4,4,2,7,3,3,2,8,5,3,3,3,8,3,2,10,2,5,4,3,2,2,5,2,12,3,3,2,2,7,3,3,2,3,15,3,2,3,3,2,2,2,2,11,5,7,4,3,3,5,2,2,3,14,5,6,2,5,26,4,2,4,28,4,7,3,3,3,2,3,5,3,2,3,29,3,3,2,2,4,3,4,3,
9,3,2,22,3,5,3,2,2,3,2,24,3,3,10,2,2,3,5,2,3,5,8,3,28,5,3,2,26,3,5,3,2,4,29,3,3,5,5,2,4,26,10,3,3,15,4,2,26,4,26,3,28,3,3,3,2,3,4,3,2,25,2,2,8,3,2,3,3,10,4,2,7,2,5,2,3,3,5,3,3,5,8,5,3,3,6,2,26,3,2,3,2,4,8,5,
3,6,3,4,3,2,5,2,8,10,2,2,4,27,2,3,28,2,2,2,29,3,4,4,3,4,3,3,5,4,2,3,4,5,3,4,2,3,3,3,3,3,3,2,3,25,8,2,10,8,3,2,16,3,3,7,5,7,3,3,3,5,3,6,2,2,4,2,4,4,3,5,2,4,26,4,2,3,2,3,2,3,3,2,3,3,3,7,3,4,2,13,27,3,28,3,
3,3,4,4,3,3,27,9,3,2,27,7,8,3,6,3,2,3,2,2,10,5,3,2,3,7,29,5,3,5,8,4,3,2,2,7,4,2,4,27,3,4,20,3,24,3,30,5,2,3,2,4,27,26,29,3,8,4,27,4,27,2,5,3,15,4,4,3,4,2,4,2,4,26,2,2,2,3,28,3,3,15,3,10,3,4,8,5,2,27,5,3,3,7,4,3,
4,2,2,3,3,3,2,3,11,24,3,3,3,2,5,5,2,27,4,5,3,26,3,2,3,3,3,3,3,3,3,29,3,3,3,3,3,3,5,3,3,21,40,3,3,7,29,2,2,3,4,4,27,27,28,3,26,29,4,13,4,4,27,4,8,3,3,6,3,3,3,28,10,27,27,2,11,3,5,3,3,3,3,9,20,2,3,5,3,29,2,2,4,2,6,28,
2,4,3,2,27,3,3,28,26,2,3,3,3,4,3,6,3,27,3,27,28,4,3,3,2,22,2,4,8,4,26,4,5,2,3,37,4,3,3,5,5,3,26,10,3,3,4,3,11,2,5,27,3,4,4,3,5,3,4,35,4,3,4,3,2,4,3,4,22,8,3,3,2,5,3,4,3,2,2,38,11,19,3,5,3,8,28,29,3,27,2,3,2,2,4,8,
28,3,3,2,4,3,3,28,3,3,2,9,2,35,4,29,5,4,27,4,37,3,3,4,4,27,5,14,4,2,2,3,17,4,4,3,4,2,3,2,22,6,4,2,2,3,6,2,2,150,6,13,19,3,3,4,2,3,4,4,3,4,4,3,2,3,4,4,3,9,2,5,4,2,7,20,5,4,13,27,2,4,4,2,2,19,3,22,2,2,21,30,3,4,2,3,
4,2,3,3,4,3,27,28,3,3,3,3,2,5,3,2,3,4,4,3,3,7,3,3,2,4,29,3,27,2,3,29,2,2,3,3,3,3,3,4,2,4,3,2,27,2,3,2,4,2,4,2,28,2,5,4,3,2,3,3,19,3,3,4,3,3,3,2,3,3,3,2,3,3,2,2,3,3,4,3,27,2,3,3,3,2,4,4,3,3,2,3,4,4,2,6,
2,2,27,2,5,3,4,3,4,3,2,3,2,4,3,4,5,3,3,3,3,3,3,2,2,3,3,3,4,2,2,3,5,5,4,2,3,6,2,2,2,3,3,4,4,3,3,3,3,4,2,2,3,3,3,3,3,3,3,3,3,2,3,3,9,2,3,2,4,7,4,3,3,4,3,3,3,3,3,4,3,4,3,3,6,3,150,2,2,4,29,2,6,2,2,2,
